run_id,scenario,severity_band,carbon,cost,delay,risk,green_score,ops_score,compliant,policy
0,SUPPLIER_FAILURE,LOW,21056.93,72508.73,1.8,0.42,34.3,60.40258258800104,0,Traditional Expedite (Air)
1,PORT_CLOSURE,HIGH,20316.8,107756.86,2.1,0.15,36.7,66.2619003170488,0,Traditional Expedite (Air)
2,MULTI_NODE_FAILURE,MED,14614.02,61177.61,1.9,0.89,27.2,51.31627229373413,0,Traditional Expedite (Air)
3,PORT_CLOSURE,HIGH,9096.4,49225.1,2.2,0.77,37.9,54.37016190998622,0,Traditional Expedite (Air)
4,MULTI_NODE_FAILURE,MED,18538.61,81262.83,1.9,0.88,26.8,51.46403066040652,0,Traditional Expedite (Air)
5,SUPPLIER_FAILURE,LOW,10293.17,42122.13,1.8,0.65,31.6,56.24038956090496,0,Traditional Expedite (Air)
6,PORT_CLOSURE,LOW,10293.17,43096.64,1.8,0.65,31.6,56.35367678198995,0,Traditional Expedite (Air)
7,SUPPLIER_FAILURE,MED,21353.01,94384.2,1.9,0.59,39.8,57.1048154829547,0,Traditional Expedite (Air)
8,FACTORY_SHUTDOWN,LOW,25003.9,117267.24,1.8,0.9,31.8,50.551831874148846,0,Traditional Expedite (Air)
9,TRANSPORT_DISRUPTION,LOW,27956.65,87089.33,1.8,0.65,31.5,55.572964412841294,0,Traditional Expedite (Air)
10,MULTI_NODE_FAILURE,LOW,18283.41,73748.69,1.8,0.42,33.9,60.36808572683846,0,Traditional Expedite (Air)
11,PORT_CLOSURE,MED,32294.61,115755.86,2.1,0.71,28.5,54.78235625080623,0,Traditional Expedite (Air)
12,TRANSPORT_DISRUPTION,MED,21353.01,98542.21,2.0,0.59,39.9,57.11101720184155,0,Traditional Expedite (Air)
13,FACTORY_SHUTDOWN,MED,12498.43,54504.47,1.9,0.29,39.9,63.547589897701954,0,Traditional Expedite (Air)
14,SUPPLIER_FAILURE,HIGH,30874.25,134366.97,2.2,0.41,33.2,60.976795465036204,0,Traditional Expedite (Air)
15,PORT_CLOSURE,LOW,1542.02,7898.26,1.7,0.57,33.5,61.9333149674423,1,Traditional Expedite (Air)
16,MULTI_NODE_FAILURE,LOW,21056.93,72141.49,1.8,0.42,34.3,60.38234540062902,0,Traditional Expedite (Air)
17,SUPPLIER_FAILURE,MED,20316.8,96289.68,2.0,0.15,36.6,65.88487836218178,0,Traditional Expedite (Air)
18,MULTI_NODE_FAILURE,HIGH,9096.4,48256.44,2.2,0.77,37.9,54.288224430042455,0,Traditional Expedite (Air)
19,TRANSPORT_DISRUPTION,LOW,23850.59,64072.78,1.7,0.81,27.5,52.66026633903953,0,Traditional Expedite (Air)
20,MULTI_NODE_FAILURE,HIGH,11185.08,61918.02,2.2,0.47,39.6,60.06115451025096,0,Traditional Expedite (Air)
21,MULTI_NODE_FAILURE,MED,19567.46,112229.47,1.9,0.7,38.7,55.013591738657176,0,Traditional Expedite (Air)
22,TRANSPORT_DISRUPTION,LOW,14086.89,53336.03,1.8,0.38,32.0,61.434491627618534,0,Traditional Expedite (Air)
23,PORT_CLOSURE,HIGH,10589.07,56373.84,2.2,0.51,33.1,59.39389124354442,0,Traditional Expedite (Air)
24,TRANSPORT_DISRUPTION,HIGH,18214.73,95449.74,2.2,0.29,33.6,63.64396656788942,0,Traditional Expedite (Air)
25,MULTI_NODE_FAILURE,LOW,13679.68,50815.33,1.8,0.89,30.5,51.25400090914988,0,Traditional Expedite (Air)
26,MULTI_NODE_FAILURE,MED,18273.01,72404.43,2.0,0.78,28.0,53.696992904136906,0,Traditional Expedite (Air)
27,FACTORY_SHUTDOWN,MED,27956.65,96428.59,1.9,0.65,31.6,55.93334704332913,0,Traditional Expedite (Air)
28,FACTORY_SHUTDOWN,HIGH,1542.02,10635.93,2.2,0.57,32.9,61.43560385946416,1,Traditional Expedite (Air)
29,FACTORY_SHUTDOWN,HIGH,21353.01,112744.81,2.2,0.59,39.9,57.40327214653196,0,Traditional Expedite (Air)
30,FACTORY_SHUTDOWN,LOW,10589.07,43151.11,1.8,0.51,33.0,58.917911161929084,0,Traditional Expedite (Air)
31,MULTI_NODE_FAILURE,MED,10043.94,44153.39,2.0,0.72,33.6,55.11406776548146,0,Traditional Expedite (Air)
32,FACTORY_SHUTDOWN,LOW,18283.41,69492.45,1.7,0.42,33.8,60.274034097258564,0,Traditional Expedite (Air)
33,SUPPLIER_FAILURE,HIGH,14614.02,73559.29,2.2,0.89,27.3,51.614000027902016,0,Traditional Expedite (Air)
34,MULTI_NODE_FAILURE,LOW,19284.12,61756.56,1.7,0.3,32.6,62.811113921049746,0,Traditional Expedite (Air)
35,PORT_CLOSURE,MED,5828.79,29262.27,2.0,0.8,39.0,54.06738877916831,0,Traditional Expedite (Air)
36,PORT_CLOSURE,HIGH,19567.46,132023.94,2.2,0.7,38.8,55.22452146676211,0,Traditional Expedite (Air)
37,FACTORY_SHUTDOWN,MED,21512.04,90404.82,2.1,0.52,30.5,58.69829156550789,0,Traditional Expedite (Air)
38,MULTI_NODE_FAILURE,MED,11232.87,46853.58,1.9,0.19,39.2,65.62789160052988,0,Traditional Expedite (Air)
39,FACTORY_SHUTDOWN,LOW,10585.5,48466.85,1.8,0.21,33.7,64.82588441064962,0,Traditional Expedite (Air)
40,PORT_CLOSURE,LOW,24019.41,87888.89,1.7,0.83,34.7,51.9314329439565,0,Traditional Expedite (Air)
41,SUPPLIER_FAILURE,LOW,20316.8,86798.73,1.8,0.15,36.5,65.76422219902884,0,Traditional Expedite (Air)
42,PORT_CLOSURE,MED,14086.89,61617.51,2.0,0.38,32.0,61.74229143922325,0,Traditional Expedite (Air)
43,PORT_CLOSURE,HIGH,10079.04,57446.29,2.2,0.29,37.9,63.94453194981414,0,Traditional Expedite (Air)
44,TRANSPORT_DISRUPTION,LOW,23712.8,75702.85,1.8,0.15,34.0,65.79840216025605,0,Traditional Expedite (Air)
45,SUPPLIER_FAILURE,LOW,18538.61,73541.11,1.8,0.88,26.7,51.1461019633189,0,Traditional Expedite (Air)
46,TRANSPORT_DISRUPTION,MED,19567.46,118964.86,2.0,0.7,38.7,55.089232714773765,0,Traditional Expedite (Air)
47,SUPPLIER_FAILURE,LOW,18273.01,60017.04,1.7,0.78,27.8,53.407916457641335,0,Traditional Expedite (Air)
48,PORT_CLOSURE,LOW,21353.01,83077.86,1.7,0.59,39.7,56.841032407248626,0,Traditional Expedite (Air)
49,TRANSPORT_DISRUPTION,LOW,15208.33,75255.47,1.7,0.11,45.3,66.55107403307292,0,Traditional Expedite (Air)
50,TRANSPORT_DISRUPTION,HIGH,10585.5,61621.77,2.1,0.21,33.8,65.37632286442737,0,Traditional Expedite (Air)
51,SUPPLIER_FAILURE,LOW,10043.94,36987.13,1.7,0.72,33.5,54.934782093873224,0,Traditional Expedite (Air)
52,PORT_CLOSURE,MED,15945.46,62125.82,2.0,0.79,28.0,53.68667962113801,0,Traditional Expedite (Air)
53,SUPPLIER_FAILURE,MED,18214.73,78911.56,1.9,0.29,33.5,63.31928053146627,0,Traditional Expedite (Air)
54,TRANSPORT_DISRUPTION,HIGH,20236.71,110686.04,2.2,0.89,26.8,51.561798295843055,0,Traditional Expedite (Air)
55,TRANSPORT_DISRUPTION,LOW,32294.61,91811.38,1.7,0.71,28.3,54.38654697050567,0,Traditional Expedite (Air)
56,MULTI_NODE_FAILURE,HIGH,8319.49,40804.96,2.2,0.69,29.4,56.147999484267444,0,Traditional Expedite (Air)
57,SUPPLIER_FAILURE,HIGH,8319.49,40621.43,2.2,0.69,29.4,56.124559795865196,0,Traditional Expedite (Air)
58,SUPPLIER_FAILURE,HIGH,12498.43,62320.35,2.1,0.29,39.9,63.76781025984912,0,Traditional Expedite (Air)
59,MULTI_NODE_FAILURE,LOW,10585.5,48846.7,1.8,0.21,33.7,64.86681833259249,0,Traditional Expedite (Air)
60,SUPPLIER_FAILURE,HIGH,23850.59,84793.75,2.2,0.81,27.7,53.0407502320432,0,Traditional Expedite (Air)
61,MULTI_NODE_FAILURE,LOW,26318.1,90099.43,1.7,0.21,35.9,64.54546515133573,0,Traditional Expedite (Air)
62,MULTI_NODE_FAILURE,MED,23712.8,89907.7,2.1,0.15,34.2,66.06787016691136,0,Traditional Expedite (Air)
63,FACTORY_SHUTDOWN,LOW,32294.61,92461.68,1.7,0.71,28.3,54.43366103308058,0,Traditional Expedite (Air)
64,FACTORY_SHUTDOWN,MED,32294.61,107136.62,1.9,0.71,28.4,54.79736352994746,0,Traditional Expedite (Air)
65,TRANSPORT_DISRUPTION,HIGH,10043.94,52009.53,2.2,0.72,33.6,55.45538073898288,0,Traditional Expedite (Air)
66,MULTI_NODE_FAILURE,LOW,10585.5,48106.57,1.8,0.21,33.7,64.78366237029033,0,Traditional Expedite (Air)
67,SUPPLIER_FAILURE,LOW,15660.09,56335.97,1.7,0.59,30.9,57.23449760992183,0,Traditional Expedite (Air)
68,MULTI_NODE_FAILURE,HIGH,11232.87,55011.6,2.2,0.19,39.2,65.77051783106495,0,Traditional Expedite (Air)
69,MULTI_NODE_FAILURE,MED,10043.94,46458.43,2.0,0.72,33.6,55.35440995611087,0,Traditional Expedite (Air)
70,FACTORY_SHUTDOWN,LOW,15208.33,79522.62,1.8,0.11,45.3,66.63688963874554,0,Traditional Expedite (Air)
71,FACTORY_SHUTDOWN,MED,10589.07,50452.29,2.0,0.51,33.1,59.27425004613425,0,Traditional Expedite (Air)
72,FACTORY_SHUTDOWN,HIGH,9096.4,48842.52,2.2,0.77,37.9,54.33495426705552,0,Traditional Expedite (Air)
73,TRANSPORT_DISRUPTION,MED,14614.02,61271.33,1.9,0.89,27.2,51.3353701798333,0,Traditional Expedite (Air)
74,PORT_CLOSURE,HIGH,12317.09,73540.38,2.2,0.43,32.7,60.97905618465506,0,Traditional Expedite (Air)
75,TRANSPORT_DISRUPTION,HIGH,11185.08,63840.87,2.2,0.47,39.6,60.19556052027155,0,Traditional Expedite (Air)
76,SUPPLIER_FAILURE,LOW,10043.94,39687.54,1.8,0.72,33.6,55.04435587618417,0,Traditional Expedite (Air)
77,SUPPLIER_FAILURE,MED,10079.04,49516.21,2.0,0.29,37.8,63.67381923342992,0,Traditional Expedite (Air)
78,PORT_CLOSURE,LOW,19567.46,96707.78,1.7,0.7,38.5,54.63596255901192,0,Traditional Expedite (Air)
79,PORT_CLOSURE,HIGH,15660.09,73854.28,2.2,0.59,31.0,57.5235144425225,0,Traditional Expedite (Air)
80,MULTI_NODE_FAILURE,MED,15660.09,69766.12,2.1,0.59,31.0,57.45331338482761,0,Traditional Expedite (Air)
81,PORT_CLOSURE,LOW,14883.22,69219.98,1.8,0.71,32.5,54.72530013000697,0,Traditional Expedite (Air)
82,FACTORY_SHUTDOWN,MED,11870.74,66680.95,2.0,0.13,45.4,66.76954556351882,0,Traditional Expedite (Air)
83,PORT_CLOSURE,HIGH,10293.17,53068.01,2.1,0.65,31.7,56.71280905263971,0,Traditional Expedite (Air)
84,PORT_CLOSURE,LOW,15945.46,52648.64,1.8,0.79,27.9,53.29221976834785,0,Traditional Expedite (Air)
85,FACTORY_SHUTDOWN,LOW,15660.09,55576.14,1.7,0.59,30.8,57.1464289070573,0,Traditional Expedite (Air)
86,FACTORY_SHUTDOWN,MED,23850.59,79141.2,2.0,0.81,27.6,53.09117930011355,0,Traditional Expedite (Air)
87,MULTI_NODE_FAILURE,MED,15660.09,67477.97,2.0,0.59,31.0,57.47618474696943,0,Traditional Expedite (Air)
88,SUPPLIER_FAILURE,LOW,11538.65,49717.24,1.8,0.35,35.2,62.16685068749865,0,Traditional Expedite (Air)
89,MULTI_NODE_FAILURE,MED,11870.74,60893.47,1.9,0.13,45.4,66.51983647468982,0,Traditional Expedite (Air)
90,FACTORY_SHUTDOWN,HIGH,19567.46,132302.78,2.2,0.7,38.8,55.23733897579191,0,Traditional Expedite (Air)
91,MULTI_NODE_FAILURE,LOW,25003.9,113669.39,1.7,0.9,31.8,50.61118733801296,0,Traditional Expedite (Air)
92,FACTORY_SHUTDOWN,LOW,18538.61,73869.32,1.8,0.88,26.7,51.1670421234576,0,Traditional Expedite (Air)
93,MULTI_NODE_FAILURE,HIGH,22764.73,101463.69,2.2,0.47,31.0,59.9204583045593,0,Traditional Expedite (Air)
94,TRANSPORT_DISRUPTION,LOW,18283.41,75356.7,1.8,0.42,33.9,60.49218560452208,0,Traditional Expedite (Air)
95,FACTORY_SHUTDOWN,HIGH,12137.05,58187.21,2.2,0.85,30.4,52.707490500649534,0,Traditional Expedite (Air)
96,FACTORY_SHUTDOWN,HIGH,14086.89,68274.82,2.2,0.38,32.1,61.83471465831758,0,Traditional Expedite (Air)
97,FACTORY_SHUTDOWN,HIGH,30874.25,129705.75,2.1,0.41,33.2,60.986380350878775,0,Traditional Expedite (Air)
98,TRANSPORT_DISRUPTION,HIGH,32294.61,126665.99,2.2,0.71,28.5,55.039970333327894,0,Traditional Expedite (Air)
99,MULTI_NODE_FAILURE,MED,12137.05,49413.27,2.0,0.85,30.4,52.34734520340842,0,Traditional Expedite (Air)
0,SUPPLIER_FAILURE,LOW,252.68,3021.2,16.6,0.42,73.3,48.144494292724836,0,Cost Minimizer
1,PORT_CLOSURE,HIGH,243.8,4489.87,23.8,0.15,74.9,51.47950683316069,0,Cost Minimizer
2,MULTI_NODE_FAILURE,MED,175.37,2549.07,18.6,0.89,68.2,38.04087736681243,0,Cost Minimizer
3,PORT_CLOSURE,HIGH,109.16,2051.05,25.0,0.77,68.7,38.86125451997439,0,Cost Minimizer
4,MULTI_NODE_FAILURE,MED,222.46,3385.95,19.3,0.88,68.2,38.01496282387421,0,Cost Minimizer
5,SUPPLIER_FAILURE,LOW,123.52,1755.09,16.5,0.65,71.0,43.60296417380718,0,Cost Minimizer
6,PORT_CLOSURE,LOW,123.52,1795.69,17.1,0.65,70.9,43.3723256212929,0,Cost Minimizer
7,SUPPLIER_FAILURE,MED,256.24,3932.67,18.9,0.59,71.2,43.93442961205671,0,Cost Minimizer
8,FACTORY_SHUTDOWN,LOW,300.05,4886.13,16.6,0.9,68.5,38.53404856161587,0,Cost Minimizer
9,TRANSPORT_DISRUPTION,LOW,335.48,3628.72,16.1,0.65,71.0,43.740279042834345,0,Cost Minimizer
10,MULTI_NODE_FAILURE,LOW,219.4,3072.86,16.5,0.42,73.3,48.18328637512638,0,Cost Minimizer
11,PORT_CLOSURE,MED,387.54,4823.16,22.2,0.71,69.5,40.633590433910776,0,Cost Minimizer
12,TRANSPORT_DISRUPTION,MED,256.24,4105.93,20.2,0.59,71.0,43.54973941376096,0,Cost Minimizer
13,FACTORY_SHUTDOWN,MED,149.98,2271.02,19.3,0.29,74.2,49.82677718000189,0,Cost Minimizer
14,SUPPLIER_FAILURE,HIGH,370.49,5598.62,25.1,0.41,72.2,46.016886801646514,0,Cost Minimizer
15,PORT_CLOSURE,LOW,18.5,329.09,15.9,0.57,72.0,45.61279752613526,0,Cost Minimizer
16,MULTI_NODE_FAILURE,LOW,252.68,3005.9,16.5,0.42,73.3,48.18387808619803,0,Cost Minimizer
17,SUPPLIER_FAILURE,MED,243.8,4012.07,20.0,0.15,75.4,52.40643514914888,0,Cost Minimizer
18,MULTI_NODE_FAILURE,HIGH,109.16,2010.68,24.3,0.77,68.8,38.99940523685363,0,Cost Minimizer
19,TRANSPORT_DISRUPTION,LOW,286.21,2669.7,15.4,0.81,69.6,40.84716654963897,0,Cost Minimizer
20,MULTI_NODE_FAILURE,HIGH,134.22,2579.92,24.2,0.47,71.8,45.010757819157234,0,Cost Minimizer
21,MULTI_NODE_FAILURE,MED,234.81,4676.23,19.9,0.7,70.0,41.43197048218024,0,Cost Minimizer
22,TRANSPORT_DISRUPTION,LOW,169.04,2222.33,16.6,0.38,73.6,48.95416050595895,0,Cost Minimizer
23,PORT_CLOSURE,HIGH,127.07,2348.91,24.6,0.51,71.3,44.133924212442366,0,Cost Minimizer
24,TRANSPORT_DISRUPTION,HIGH,218.58,3977.07,26.0,0.29,73.3,48.257292411412834,0,Cost Minimizer
25,MULTI_NODE_FAILURE,LOW,164.16,2117.31,16.5,0.89,68.6,38.795196380917055,0,Cost Minimizer
26,MULTI_NODE_FAILURE,MED,219.28,3016.85,21.4,0.78,68.9,39.439014507907594,0,Cost Minimizer
27,FACTORY_SHUTDOWN,MED,335.48,4017.86,19.1,0.65,70.5,42.67199597080705,0,Cost Minimizer
28,FACTORY_SHUTDOWN,HIGH,18.5,443.16,25.4,0.57,70.7,42.91123349014245,0,Cost Minimizer
29,FACTORY_SHUTDOWN,HIGH,256.24,4697.7,24.8,0.59,70.5,42.47735466404966,0,Cost Minimizer
30,FACTORY_SHUTDOWN,LOW,127.07,1797.96,16.1,0.51,72.5,46.5629862871929,0,Cost Minimizer
31,MULTI_NODE_FAILURE,MED,120.53,1839.72,20.3,0.72,69.7,40.94635067854181,0,Cost Minimizer
32,FACTORY_SHUTDOWN,LOW,219.4,2895.52,14.9,0.42,73.6,48.87249768381162,0,Cost Minimizer
33,SUPPLIER_FAILURE,HIGH,175.37,3064.97,24.7,0.89,67.4,36.50620923735822,0,Cost Minimizer
34,MULTI_NODE_FAILURE,LOW,231.41,2573.19,15.1,0.3,74.8,51.18342808925185,0,Cost Minimizer
35,PORT_CLOSURE,MED,69.95,1219.26,20.5,0.8,68.9,39.31309265060199,0,Cost Minimizer
36,PORT_CLOSURE,HIGH,234.81,5501.0,25.4,0.7,69.4,40.1607630023996,0,Cost Minimizer
37,FACTORY_SHUTDOWN,MED,258.14,3766.87,22.2,0.52,71.4,44.438420139406944,0,Cost Minimizer
38,MULTI_NODE_FAILURE,MED,134.79,1952.23,19.0,0.19,75.2,51.92426961147769,0,Cost Minimizer
39,FACTORY_SHUTDOWN,LOW,127.03,2019.45,16.2,0.21,75.4,52.51722548036619,0,Cost Minimizer
40,PORT_CLOSURE,LOW,288.23,3662.04,14.9,0.83,69.6,40.6665555604283,0,Cost Minimizer
41,SUPPLIER_FAILURE,LOW,243.8,3616.61,16.9,0.15,75.9,53.42464106565866,0,Cost Minimizer
42,PORT_CLOSURE,MED,169.04,2567.4,21.0,0.38,72.9,47.54620497551851,0,Cost Minimizer
43,PORT_CLOSURE,HIGH,120.95,2393.6,25.8,0.29,73.4,48.30683024057133,0,Cost Minimizer
44,TRANSPORT_DISRUPTION,LOW,284.55,3154.29,16.7,0.15,75.9,53.50450033879724,0,Cost Minimizer
45,SUPPLIER_FAILURE,LOW,222.46,3064.21,16.4,0.88,68.7,39.02301303597979,0,Cost Minimizer
46,TRANSPORT_DISRUPTION,MED,234.81,4956.87,21.7,0.7,69.7,40.95361662704124,0,Cost Minimizer
47,SUPPLIER_FAILURE,LOW,219.28,2500.71,15.8,0.78,69.8,41.27577311481306,0,Cost Minimizer
48,PORT_CLOSURE,LOW,256.24,3461.58,15.2,0.59,71.9,45.32973085853609,0,Cost Minimizer
49,TRANSPORT_DISRUPTION,LOW,182.5,3135.64,15.4,0.11,76.7,54.8426188369716,0,Cost Minimizer
50,TRANSPORT_DISRUPTION,HIGH,127.03,2567.57,23.7,0.21,74.3,50.31418360412887,0,Cost Minimizer
51,SUPPLIER_FAILURE,LOW,120.53,1541.13,15.2,0.72,70.6,42.758638191437115,0,Cost Minimizer
52,PORT_CLOSURE,MED,191.35,2588.58,21.9,0.79,68.7,39.12004227000926,0,Cost Minimizer
53,SUPPLIER_FAILURE,MED,218.58,3287.98,19.5,0.29,74.0,49.75589651111623,0,Cost Minimizer
54,TRANSPORT_DISRUPTION,HIGH,242.84,4611.92,25.9,0.89,67.3,36.272312125890934,0,Cost Minimizer
55,TRANSPORT_DISRUPTION,LOW,387.54,3825.47,15.2,0.71,70.6,42.927462648806866,0,Cost Minimizer
56,MULTI_NODE_FAILURE,HIGH,99.83,1700.21,24.9,0.69,69.4,40.4884524454148,0,Cost Minimizer
57,SUPPLIER_FAILURE,HIGH,99.83,1692.56,24.7,0.69,69.4,40.527482142506784,0,Cost Minimizer
58,SUPPLIER_FAILURE,HIGH,149.98,2596.68,23.7,0.29,73.6,48.713827831672795,0,Cost Minimizer
59,MULTI_NODE_FAILURE,LOW,127.03,2035.28,16.4,0.21,75.4,52.43637471390306,0,Cost Minimizer
60,SUPPLIER_FAILURE,HIGH,286.21,3533.07,24.1,0.81,68.3,38.22254755323436,0,Cost Minimizer
61,MULTI_NODE_FAILURE,LOW,315.82,3754.14,15.8,0.21,75.5,52.66483850911652,0,Cost Minimizer
62,MULTI_NODE_FAILURE,MED,284.55,3746.15,22.0,0.15,75.1,51.886162495823775,0,Cost Minimizer
63,FACTORY_SHUTDOWN,LOW,387.54,3852.57,15.4,0.71,70.6,42.83772500681314,0,Cost Minimizer
64,FACTORY_SHUTDOWN,MED,387.54,4464.03,19.7,0.71,69.8,41.29052787063303,0,Cost Minimizer
65,TRANSPORT_DISRUPTION,HIGH,120.53,2167.06,26.0,0.72,69.0,39.67443586757404,0,Cost Minimizer
66,MULTI_NODE_FAILURE,LOW,127.03,2004.44,16.0,0.21,75.5,52.599758089535264,0,Cost Minimizer
67,SUPPLIER_FAILURE,LOW,187.92,2347.33,15.7,0.59,71.7,45.12055602449927,0,Cost Minimizer
68,MULTI_NODE_FAILURE,HIGH,134.79,2292.15,24.3,0.19,74.5,50.59449807202087,0,Cost Minimizer
69,MULTI_NODE_FAILURE,MED,120.53,1935.77,22.0,0.72,69.5,40.50643257124145,0,Cost Minimizer
70,FACTORY_SHUTDOWN,LOW,182.5,3313.44,17.0,0.11,76.4,54.189037906505156,0,Cost Minimizer
71,FACTORY_SHUTDOWN,MED,127.07,2102.18,20.8,0.51,71.7,45.00568413613478,0,Cost Minimizer
72,FACTORY_SHUTDOWN,HIGH,109.16,2035.1,24.7,0.77,68.7,38.91958487160442,0,Cost Minimizer
73,TRANSPORT_DISRUPTION,MED,175.37,2552.97,18.7,0.89,68.2,38.0088287287498,0,Cost Minimizer
74,PORT_CLOSURE,HIGH,147.81,3064.18,25.9,0.43,71.9,45.481365846715384,0,Cost Minimizer
75,TRANSPORT_DISRUPTION,HIGH,134.22,2660.04,25.3,0.47,71.7,44.79545539572884,0,Cost Minimizer
76,SUPPLIER_FAILURE,LOW,120.53,1653.65,17.1,0.72,70.2,41.976100250141926,0,Cost Minimizer
77,SUPPLIER_FAILURE,MED,120.95,2063.18,20.7,0.29,73.9,49.432996010541295,0,Cost Minimizer
78,PORT_CLOSURE,LOW,234.81,4029.49,15.5,0.7,70.8,42.992714886848,0,Cost Minimizer
79,PORT_CLOSURE,HIGH,187.92,3077.26,24.1,0.59,70.5,42.62599574426703,0,Cost Minimizer
80,MULTI_NODE_FAILURE,MED,187.92,2906.92,22.2,0.59,70.7,43.04488075617239,0,Cost Minimizer
81,PORT_CLOSURE,LOW,178.6,2884.17,17.0,0.71,70.3,42.19271923909776,0,Cost Minimizer
82,FACTORY_SHUTDOWN,MED,142.45,2778.37,21.5,0.13,75.5,52.41624923321149,0,Cost Minimizer
83,PORT_CLOSURE,HIGH,123.52,2211.17,23.8,0.65,69.9,41.49829345527658,0,Cost Minimizer
84,PORT_CLOSURE,LOW,191.35,2193.69,16.8,0.79,69.5,40.67732900790559,0,Cost Minimizer
85,FACTORY_SHUTDOWN,LOW,187.92,2315.67,15.3,0.59,71.8,45.29635740152233,0,Cost Minimizer
86,FACTORY_SHUTDOWN,MED,286.21,3297.55,21.7,0.81,68.5,38.762031256263164,0,Cost Minimizer
87,MULTI_NODE_FAILURE,MED,187.92,2811.58,21.0,0.59,70.8,43.343452962167525,0,Cost Minimizer
88,SUPPLIER_FAILURE,LOW,138.46,2071.55,16.9,0.35,73.9,49.44141698058457,0,Cost Minimizer
89,MULTI_NODE_FAILURE,MED,142.45,2537.23,18.6,0.13,75.9,53.24102623104,0,Cost Minimizer
90,FACTORY_SHUTDOWN,HIGH,234.81,5512.62,25.5,0.7,69.3,40.14219821824401,0,Cost Minimizer
91,MULTI_NODE_FAILURE,LOW,300.05,4736.22,15.7,0.9,68.7,38.902918201843576,0,Cost Minimizer
92,FACTORY_SHUTDOWN,LOW,222.46,3077.89,16.5,0.88,68.6,38.98324153920401,0,Cost Minimizer
93,MULTI_NODE_FAILURE,HIGH,273.18,4227.65,25.3,0.47,71.5,44.78399535127018,0,Cost Minimizer
94,TRANSPORT_DISRUPTION,LOW,219.4,3139.86,17.1,0.42,73.2,47.95309568167,0,Cost Minimizer
95,FACTORY_SHUTDOWN,HIGH,145.64,2424.47,25.6,0.85,67.8,37.14282243356692,0,Cost Minimizer
96,FACTORY_SHUTDOWN,HIGH,169.04,2844.78,24.5,0.38,72.5,46.747660186531405,0,Cost Minimizer
97,FACTORY_SHUTDOWN,HIGH,370.49,5404.41,23.8,0.41,72.3,46.27635959771864,0,Cost Minimizer
98,TRANSPORT_DISRUPTION,HIGH,387.54,5277.75,25.4,0.71,69.1,39.96140712614903,0,Cost Minimizer
99,MULTI_NODE_FAILURE,MED,145.64,2058.89,20.0,0.85,68.4,38.425702604578866,0,Cost Minimizer
0,SUPPLIER_FAILURE,LOW,21056.93,72508.73,1.8,0.42,34.3,60.40258258800104,0,Speed Maximizer
1,PORT_CLOSURE,HIGH,20316.8,107756.86,2.1,0.15,36.7,66.2619003170488,0,Speed Maximizer
2,MULTI_NODE_FAILURE,MED,14614.02,61177.61,1.9,0.89,27.2,51.31627229373413,0,Speed Maximizer
3,PORT_CLOSURE,HIGH,9096.4,49225.1,2.2,0.77,37.9,54.37016190998622,0,Speed Maximizer
4,MULTI_NODE_FAILURE,MED,18538.61,81262.83,1.9,0.88,26.8,51.46403066040652,0,Speed Maximizer
5,SUPPLIER_FAILURE,LOW,10293.17,42122.13,1.8,0.65,31.6,56.24038956090496,0,Speed Maximizer
6,PORT_CLOSURE,LOW,10293.17,43096.64,1.8,0.65,31.6,56.35367678198995,0,Speed Maximizer
7,SUPPLIER_FAILURE,MED,21353.01,94384.2,1.9,0.59,39.8,57.1048154829547,0,Speed Maximizer
8,FACTORY_SHUTDOWN,LOW,25003.9,117267.24,1.8,0.9,31.8,50.551831874148846,0,Speed Maximizer
9,TRANSPORT_DISRUPTION,LOW,27956.65,87089.33,1.8,0.65,31.5,55.572964412841294,0,Speed Maximizer
10,MULTI_NODE_FAILURE,LOW,18283.41,73748.69,1.8,0.42,33.9,60.36808572683846,0,Speed Maximizer
11,PORT_CLOSURE,MED,32294.61,115755.86,2.1,0.71,28.5,54.78235625080623,0,Speed Maximizer
12,TRANSPORT_DISRUPTION,MED,21353.01,98542.21,2.0,0.59,39.9,57.11101720184155,0,Speed Maximizer
13,FACTORY_SHUTDOWN,MED,12498.43,54504.47,1.9,0.29,39.9,63.547589897701954,0,Speed Maximizer
14,SUPPLIER_FAILURE,HIGH,30874.25,134366.97,2.2,0.41,33.2,60.976795465036204,0,Speed Maximizer
15,PORT_CLOSURE,LOW,1542.02,7898.26,1.7,0.57,33.5,61.9333149674423,1,Speed Maximizer
16,MULTI_NODE_FAILURE,LOW,21056.93,72141.49,1.8,0.42,34.3,60.38234540062902,0,Speed Maximizer
17,SUPPLIER_FAILURE,MED,20316.8,96289.68,2.0,0.15,36.6,65.88487836218178,0,Speed Maximizer
18,MULTI_NODE_FAILURE,HIGH,9096.4,48256.44,2.2,0.77,37.9,54.288224430042455,0,Speed Maximizer
19,TRANSPORT_DISRUPTION,LOW,23850.59,64072.78,1.7,0.81,27.5,52.66026633903953,0,Speed Maximizer
20,MULTI_NODE_FAILURE,HIGH,11185.08,61918.02,2.2,0.47,39.6,60.06115451025096,0,Speed Maximizer
21,MULTI_NODE_FAILURE,MED,19567.46,112229.47,1.9,0.7,38.7,55.013591738657176,0,Speed Maximizer
22,TRANSPORT_DISRUPTION,LOW,14086.89,53336.03,1.8,0.38,32.0,61.434491627618534,0,Speed Maximizer
23,PORT_CLOSURE,HIGH,10589.07,56373.84,2.2,0.51,33.1,59.39389124354442,0,Speed Maximizer
24,TRANSPORT_DISRUPTION,HIGH,18214.73,95449.74,2.2,0.29,33.6,63.64396656788942,0,Speed Maximizer
25,MULTI_NODE_FAILURE,LOW,13679.68,50815.33,1.8,0.89,30.5,51.25400090914988,0,Speed Maximizer
26,MULTI_NODE_FAILURE,MED,18273.01,72404.43,2.0,0.78,28.0,53.696992904136906,0,Speed Maximizer
27,FACTORY_SHUTDOWN,MED,27956.65,96428.59,1.9,0.65,31.6,55.93334704332913,0,Speed Maximizer
28,FACTORY_SHUTDOWN,HIGH,1542.02,10635.93,2.2,0.57,32.9,61.43560385946416,1,Speed Maximizer
29,FACTORY_SHUTDOWN,HIGH,21353.01,112744.81,2.2,0.59,39.9,57.40327214653196,0,Speed Maximizer
30,FACTORY_SHUTDOWN,LOW,10589.07,43151.11,1.8,0.51,33.0,58.917911161929084,0,Speed Maximizer
31,MULTI_NODE_FAILURE,MED,10043.94,44153.39,2.0,0.72,33.6,55.11406776548146,0,Speed Maximizer
32,FACTORY_SHUTDOWN,LOW,18283.41,69492.45,1.7,0.42,33.8,60.274034097258564,0,Speed Maximizer
33,SUPPLIER_FAILURE,HIGH,14614.02,73559.29,2.2,0.89,27.3,51.614000027902016,0,Speed Maximizer
34,MULTI_NODE_FAILURE,LOW,19284.12,61756.56,1.7,0.3,32.6,62.811113921049746,0,Speed Maximizer
35,PORT_CLOSURE,MED,5828.79,29262.27,2.0,0.8,39.0,54.06738877916831,0,Speed Maximizer
36,PORT_CLOSURE,HIGH,19567.46,132023.94,2.2,0.7,38.8,55.22452146676211,0,Speed Maximizer
37,FACTORY_SHUTDOWN,MED,21512.04,90404.82,2.1,0.52,30.5,58.69829156550789,0,Speed Maximizer
38,MULTI_NODE_FAILURE,MED,11232.87,46853.58,1.9,0.19,39.2,65.62789160052988,0,Speed Maximizer
39,FACTORY_SHUTDOWN,LOW,10585.5,48466.85,1.8,0.21,33.7,64.82588441064962,0,Speed Maximizer
40,PORT_CLOSURE,LOW,24019.41,87888.89,1.7,0.83,34.7,51.9314329439565,0,Speed Maximizer
41,SUPPLIER_FAILURE,LOW,20316.8,86798.73,1.8,0.15,36.5,65.76422219902884,0,Speed Maximizer
42,PORT_CLOSURE,MED,14086.89,61617.51,2.0,0.38,32.0,61.74229143922325,0,Speed Maximizer
43,PORT_CLOSURE,HIGH,10079.04,57446.29,2.2,0.29,37.9,63.94453194981414,0,Speed Maximizer
44,TRANSPORT_DISRUPTION,LOW,23712.8,75702.85,1.8,0.15,34.0,65.79840216025605,0,Speed Maximizer
45,SUPPLIER_FAILURE,LOW,18538.61,73541.11,1.8,0.88,26.7,51.1461019633189,0,Speed Maximizer
46,TRANSPORT_DISRUPTION,MED,19567.46,118964.86,2.0,0.7,38.7,55.089232714773765,0,Speed Maximizer
47,SUPPLIER_FAILURE,LOW,18273.01,60017.04,1.7,0.78,27.8,53.407916457641335,0,Speed Maximizer
48,PORT_CLOSURE,LOW,21353.01,83077.86,1.7,0.59,39.7,56.841032407248626,0,Speed Maximizer
49,TRANSPORT_DISRUPTION,LOW,15208.33,75255.47,1.7,0.11,45.3,66.55107403307292,0,Speed Maximizer
50,TRANSPORT_DISRUPTION,HIGH,10585.5,61621.77,2.1,0.21,33.8,65.37632286442737,0,Speed Maximizer
51,SUPPLIER_FAILURE,LOW,10043.94,36987.13,1.7,0.72,33.5,54.934782093873224,0,Speed Maximizer
52,PORT_CLOSURE,MED,15945.46,62125.82,2.0,0.79,28.0,53.68667962113801,0,Speed Maximizer
53,SUPPLIER_FAILURE,MED,18214.73,78911.56,1.9,0.29,33.5,63.31928053146627,0,Speed Maximizer
54,TRANSPORT_DISRUPTION,HIGH,20236.71,110686.04,2.2,0.89,26.8,51.561798295843055,0,Speed Maximizer
55,TRANSPORT_DISRUPTION,LOW,32294.61,91811.38,1.7,0.71,28.3,54.38654697050567,0,Speed Maximizer
56,MULTI_NODE_FAILURE,HIGH,8319.49,40804.96,2.2,0.69,29.4,56.147999484267444,0,Speed Maximizer
57,SUPPLIER_FAILURE,HIGH,8319.49,40621.43,2.2,0.69,29.4,56.124559795865196,0,Speed Maximizer
58,SUPPLIER_FAILURE,HIGH,12498.43,62320.35,2.1,0.29,39.9,63.76781025984912,0,Speed Maximizer
59,MULTI_NODE_FAILURE,LOW,10585.5,48846.7,1.8,0.21,33.7,64.86681833259249,0,Speed Maximizer
60,SUPPLIER_FAILURE,HIGH,23850.59,84793.75,2.2,0.81,27.7,53.0407502320432,0,Speed Maximizer
61,MULTI_NODE_FAILURE,LOW,26318.1,90099.43,1.7,0.21,35.9,64.54546515133573,0,Speed Maximizer
62,MULTI_NODE_FAILURE,MED,23712.8,89907.7,2.1,0.15,34.2,66.06787016691136,0,Speed Maximizer
63,FACTORY_SHUTDOWN,LOW,32294.61,92461.68,1.7,0.71,28.3,54.43366103308058,0,Speed Maximizer
64,FACTORY_SHUTDOWN,MED,32294.61,107136.62,1.9,0.71,28.4,54.79736352994746,0,Speed Maximizer
65,TRANSPORT_DISRUPTION,HIGH,10043.94,52009.53,2.2,0.72,33.6,55.45538073898288,0,Speed Maximizer
66,MULTI_NODE_FAILURE,LOW,10585.5,48106.57,1.8,0.21,33.7,64.78366237029033,0,Speed Maximizer
67,SUPPLIER_FAILURE,LOW,15660.09,56335.97,1.7,0.59,30.9,57.23449760992183,0,Speed Maximizer
68,MULTI_NODE_FAILURE,HIGH,11232.87,55011.6,2.2,0.19,39.2,65.77051783106495,0,Speed Maximizer
69,MULTI_NODE_FAILURE,MED,10043.94,46458.43,2.0,0.72,33.6,55.35440995611087,0,Speed Maximizer
70,FACTORY_SHUTDOWN,LOW,15208.33,79522.62,1.8,0.11,45.3,66.63688963874554,0,Speed Maximizer
71,FACTORY_SHUTDOWN,MED,10589.07,50452.29,2.0,0.51,33.1,59.27425004613425,0,Speed Maximizer
72,FACTORY_SHUTDOWN,HIGH,9096.4,48842.52,2.2,0.77,37.9,54.33495426705552,0,Speed Maximizer
73,TRANSPORT_DISRUPTION,MED,14614.02,61271.33,1.9,0.89,27.2,51.3353701798333,0,Speed Maximizer
74,PORT_CLOSURE,HIGH,12317.09,73540.38,2.2,0.43,32.7,60.97905618465506,0,Speed Maximizer
75,TRANSPORT_DISRUPTION,HIGH,11185.08,63840.87,2.2,0.47,39.6,60.19556052027155,0,Speed Maximizer
76,SUPPLIER_FAILURE,LOW,10043.94,39687.54,1.8,0.72,33.6,55.04435587618417,0,Speed Maximizer
77,SUPPLIER_FAILURE,MED,10079.04,49516.21,2.0,0.29,37.8,63.67381923342992,0,Speed Maximizer
78,PORT_CLOSURE,LOW,19567.46,96707.78,1.7,0.7,38.5,54.63596255901192,0,Speed Maximizer
79,PORT_CLOSURE,HIGH,15660.09,73854.28,2.2,0.59,31.0,57.5235144425225,0,Speed Maximizer
80,MULTI_NODE_FAILURE,MED,15660.09,69766.12,2.1,0.59,31.0,57.45331338482761,0,Speed Maximizer
81,PORT_CLOSURE,LOW,14883.22,69219.98,1.8,0.71,32.5,54.72530013000697,0,Speed Maximizer
82,FACTORY_SHUTDOWN,MED,11870.74,66680.95,2.0,0.13,45.4,66.76954556351882,0,Speed Maximizer
83,PORT_CLOSURE,HIGH,10293.17,53068.01,2.1,0.65,31.7,56.71280905263971,0,Speed Maximizer
84,PORT_CLOSURE,LOW,15945.46,52648.64,1.8,0.79,27.9,53.29221976834785,0,Speed Maximizer
85,FACTORY_SHUTDOWN,LOW,15660.09,55576.14,1.7,0.59,30.8,57.1464289070573,0,Speed Maximizer
86,FACTORY_SHUTDOWN,MED,23850.59,79141.2,2.0,0.81,27.6,53.09117930011355,0,Speed Maximizer
87,MULTI_NODE_FAILURE,MED,15660.09,67477.97,2.0,0.59,31.0,57.47618474696943,0,Speed Maximizer
88,SUPPLIER_FAILURE,LOW,11538.65,49717.24,1.8,0.35,35.2,62.16685068749865,0,Speed Maximizer
89,MULTI_NODE_FAILURE,MED,11870.74,60893.47,1.9,0.13,45.4,66.51983647468982,0,Speed Maximizer
90,FACTORY_SHUTDOWN,HIGH,19567.46,132302.78,2.2,0.7,38.8,55.23733897579191,0,Speed Maximizer
91,MULTI_NODE_FAILURE,LOW,25003.9,113669.39,1.7,0.9,31.8,50.61118733801296,0,Speed Maximizer
92,FACTORY_SHUTDOWN,LOW,18538.61,73869.32,1.8,0.88,26.7,51.1670421234576,0,Speed Maximizer
93,MULTI_NODE_FAILURE,HIGH,22764.73,101463.69,2.2,0.47,31.0,59.9204583045593,0,Speed Maximizer
94,TRANSPORT_DISRUPTION,LOW,18283.41,75356.7,1.8,0.42,33.9,60.49218560452208,0,Speed Maximizer
95,FACTORY_SHUTDOWN,HIGH,12137.05,58187.21,2.2,0.85,30.4,52.707490500649534,0,Speed Maximizer
96,FACTORY_SHUTDOWN,HIGH,14086.89,68274.82,2.2,0.38,32.1,61.83471465831758,0,Speed Maximizer
97,FACTORY_SHUTDOWN,HIGH,30874.25,129705.75,2.1,0.41,33.2,60.986380350878775,0,Speed Maximizer
98,TRANSPORT_DISRUPTION,HIGH,32294.61,126665.99,2.2,0.71,28.5,55.039970333327894,0,Speed Maximizer
99,MULTI_NODE_FAILURE,MED,12137.05,49413.27,2.0,0.85,30.4,52.34734520340842,0,Speed Maximizer
0,SUPPLIER_FAILURE,LOW,363.34,11969.95,14.4,0.41,73.2,50.67318023045904,0,Random Strategy
1,PORT_CLOSURE,HIGH,20316.8,107756.86,2.1,0.15,36.7,66.2619003170488,0,Random Strategy
2,MULTI_NODE_FAILURE,MED,233.82,7647.2,12.7,0.89,73.0,49.491154948248756,1,Random Strategy
3,PORT_CLOSURE,HIGH,9096.4,49225.1,2.2,0.77,37.9,54.37016190998622,0,Random Strategy
4,MULTI_NODE_FAILURE,MED,18207.57,91389.11,4.9,0.41,26.1,50.813452914798205,0,Random Strategy
5,SUPPLIER_FAILURE,LOW,130.64,3930.6,19.5,0.41,68.4,39.360368053024,0,Random Strategy
6,PORT_CLOSURE,LOW,130.64,3975.26,20.1,0.41,68.4,39.38618232897424,0,Random Strategy
7,SUPPLIER_FAILURE,MED,343.73,6325.94,21.9,0.41,68.9,40.00663861847307,0,Random Strategy
8,FACTORY_SHUTDOWN,LOW,25003.9,117267.24,1.8,0.9,31.8,50.551831874148846,0,Random Strategy
9,TRANSPORT_DISRUPTION,LOW,29856.62,97798.26,4.8,0.41,24.7,49.234554973821986,0,Random Strategy
10,MULTI_NODE_FAILURE,LOW,292.53,9218.59,11.3,0.42,77.9,59.298573465012005,1,Random Strategy
11,PORT_CLOSURE,MED,3100.28,33832.86,14.6,0.41,71.0,54.98380340062267,0,Random Strategy
12,TRANSPORT_DISRUPTION,MED,343.73,6516.52,23.2,0.41,68.9,40.029149418223994,0,Random Strategy
13,FACTORY_SHUTDOWN,MED,1450.37,16988.73,13.1,0.41,70.5,54.20146812344932,1,Random Strategy
14,SUPPLIER_FAILURE,HIGH,30874.25,134366.97,2.2,0.41,33.2,60.976795465036204,0,Random Strategy
15,PORT_CLOSURE,LOW,146.7,4172.02,11.5,0.41,67.2,49.66643270600647,1,Random Strategy
16,MULTI_NODE_FAILURE,LOW,336.91,9017.69,11.3,0.42,77.9,59.300355894825266,1,Random Strategy
17,SUPPLIER_FAILURE,MED,1950.41,24072.42,10.5,0.15,77.9,67.48208915576284,1,Random Strategy
18,MULTI_NODE_FAILURE,HIGH,6010.56,28546.38,5.2,0.59,56.2,63.12864034736456,0,Random Strategy
19,TRANSPORT_DISRUPTION,LOW,2269.03,19620.01,11.2,0.41,70.1,53.24435904764403,0,Random Strategy
20,MULTI_NODE_FAILURE,HIGH,14142.05,70109.82,5.2,0.41,26.2,52.241176470588236,0,Random Strategy
21,MULTI_NODE_FAILURE,MED,1878.48,28057.37,10.4,0.7,73.1,56.58309165997218,1,Random Strategy
22,TRANSPORT_DISRUPTION,LOW,1352.34,13334.01,8.8,0.38,75.6,63.35760126253801,1,Random Strategy
23,PORT_CLOSURE,HIGH,1016.55,14093.46,12.8,0.51,74.2,60.00644382537885,1,Random Strategy
24,TRANSPORT_DISRUPTION,HIGH,18214.73,95449.74,2.2,0.29,33.6,63.64396656788942,0,Random Strategy
25,MULTI_NODE_FAILURE,LOW,240.76,8987.11,14.3,0.41,73.0,50.47654711038445,0,Random Strategy
26,MULTI_NODE_FAILURE,MED,204.41,5318.54,24.4,0.41,68.8,39.845729021309,0,Random Strategy
27,FACTORY_SHUTDOWN,MED,447.31,12053.57,13.1,0.65,75.3,54.01599068836245,1,Random Strategy
28,FACTORY_SHUTDOWN,HIGH,1542.02,10635.93,2.2,0.57,32.9,61.43560385946416,1,Random Strategy
29,FACTORY_SHUTDOWN,HIGH,2749.85,33004.82,15.9,0.41,71.2,55.34579010434712,0,Random Strategy
30,FACTORY_SHUTDOWN,LOW,10589.07,43151.11,1.8,0.51,33.0,58.917911161929084,0,Random Strategy
31,MULTI_NODE_FAILURE,MED,182.24,8071.09,16.9,0.41,73.2,50.7457153282301,0,Random Strategy
32,FACTORY_SHUTDOWN,LOW,19525.97,78441.7,4.7,0.41,24.3,48.67150837988826,0,Random Strategy
33,SUPPLIER_FAILURE,HIGH,233.82,9194.91,16.8,0.89,72.5,48.54823060016128,0,Random Strategy
34,MULTI_NODE_FAILURE,LOW,9419.45,36252.7,4.7,0.36,57.4,64.26464222142151,0,Random Strategy
35,PORT_CLOSURE,MED,7915.64,34188.5,5.0,0.41,25.6,51.16170212765958,0,Random Strategy
36,PORT_CLOSURE,HIGH,2519.91,38306.58,16.2,0.41,71.3,55.47322242994153,0,Random Strategy
37,FACTORY_SHUTDOWN,MED,258.14,6143.55,25.2,0.41,68.9,39.98319348622425,0,Random Strategy
38,MULTI_NODE_FAILURE,MED,205.94,8442.37,16.0,0.41,73.1,50.705767550598765,0,Random Strategy
39,FACTORY_SHUTDOWN,LOW,157.89,8664.19,14.1,0.41,73.0,50.38211580986604,0,Random Strategy
40,PORT_CLOSURE,LOW,384.31,10986.11,10.3,0.83,74.1,51.289055196343334,1,Random Strategy
41,SUPPLIER_FAILURE,LOW,1950.41,21699.68,8.9,0.15,78.1,67.95990054026237,1,Random Strategy
42,PORT_CLOSURE,MED,169.04,2567.4,21.0,0.38,72.9,47.54620497551851,0,Random Strategy
43,PORT_CLOSURE,HIGH,11429.84,65190.92,5.2,0.41,26.4,52.77222222222222,0,Random Strategy
44,TRANSPORT_DISRUPTION,LOW,11998.68,39428.57,2.8,0.15,63.2,76.02200962516117,0,Random Strategy
45,SUPPLIER_FAILURE,LOW,222.46,3064.21,16.4,0.88,68.7,39.02301303597979,0,Random Strategy
46,TRANSPORT_DISRUPTION,MED,313.08,14870.61,14.8,0.7,74.7,52.68271222930186,0,Random Strategy
47,SUPPLIER_FAILURE,LOW,204.41,4750.78,18.8,0.41,68.7,39.70464541027291,0,Random Strategy
48,PORT_CLOSURE,LOW,14450.26,48423.61,4.7,0.5,55.4,61.5319000025435,0,Random Strategy
49,TRANSPORT_DISRUPTION,LOW,334.58,12347.63,13.6,0.41,73.1,50.47423448800109,1,Random Strategy
50,TRANSPORT_DISRUPTION,HIGH,10585.5,61621.77,2.1,0.21,33.8,65.37632286442737,0,Random Strategy
51,SUPPLIER_FAILURE,LOW,5755.28,22113.49,4.7,0.56,54.7,60.34635206275152,0,Random Strategy
52,PORT_CLOSURE,MED,1530.76,15531.46,11.4,0.79,71.2,54.6841175719335,1,Random Strategy
53,SUPPLIER_FAILURE,MED,9385.31,46045.35,4.9,0.35,57.8,66.55572434419825,0,Random Strategy
54,TRANSPORT_DISRUPTION,HIGH,19356.85,123754.64,5.2,0.41,28.1,52.80346020761246,0,Random Strategy
55,TRANSPORT_DISRUPTION,LOW,387.54,3825.47,15.2,0.71,70.6,42.927462648806866,0,Random Strategy
56,MULTI_NODE_FAILURE,HIGH,98.05,3870.23,27.9,0.41,68.4,39.323605399200524,0,Random Strategy
57,SUPPLIER_FAILURE,HIGH,8319.49,40621.43,2.2,0.69,29.4,56.124559795865196,0,Random Strategy
58,SUPPLIER_FAILURE,HIGH,149.98,2596.68,23.7,0.29,73.6,48.713827831672795,0,Random Strategy
59,MULTI_NODE_FAILURE,LOW,157.89,8716.42,14.3,0.41,73.0,50.25231173909053,0,Random Strategy
60,SUPPLIER_FAILURE,HIGH,23635.72,95273.13,5.2,0.41,26.5,52.205904059040584,0,Random Strategy
61,MULTI_NODE_FAILURE,LOW,28106.71,101109.37,4.7,0.41,24.6,49.3,0,Random Strategy
62,MULTI_NODE_FAILURE,MED,350.71,14362.31,18.0,0.41,73.8,51.529674592687094,0,Random Strategy
63,FACTORY_SHUTDOWN,LOW,3100.28,23115.42,8.2,0.71,72.3,56.83069786696579,0,Random Strategy
64,FACTORY_SHUTDOWN,MED,516.71,16731.29,16.5,0.41,73.6,51.26833987757522,0,Random Strategy
65,TRANSPORT_DISRUPTION,HIGH,182.24,9151.31,20.7,0.41,73.6,51.47367746734864,0,Random Strategy
66,MULTI_NODE_FAILURE,LOW,127.03,2004.44,16.0,0.21,75.5,52.599758089535264,0,Random Strategy
67,SUPPLIER_FAILURE,LOW,257.59,9746.2,13.8,0.41,73.0,50.330899800930496,1,Random Strategy
68,MULTI_NODE_FAILURE,HIGH,11232.87,55011.6,2.2,0.19,39.2,65.77051783106495,0,Random Strategy
69,MULTI_NODE_FAILURE,MED,182.24,8388.03,18.0,0.41,73.3,51.06138105278541,0,Random Strategy
70,FACTORY_SHUTDOWN,LOW,15208.33,79522.62,1.8,0.11,45.3,66.63688963874554,0,Random Strategy
71,FACTORY_SHUTDOWN,MED,134.4,4312.4,23.8,0.41,68.5,39.54995512849946,0,Random Strategy
72,FACTORY_SHUTDOWN,HIGH,145.54,6105.31,16.8,0.77,73.9,50.98835211949081,0,Random Strategy
73,TRANSPORT_DISRUPTION,MED,175.37,2552.97,18.7,0.89,68.2,38.0088287287498,0,Random Strategy
74,PORT_CLOSURE,HIGH,202.6,12111.8,20.6,0.41,73.8,51.77652674237754,0,Random Strategy
75,TRANSPORT_DISRUPTION,HIGH,11185.08,63840.87,2.2,0.47,39.6,60.19556052027155,0,Random Strategy
76,SUPPLIER_FAILURE,LOW,964.22,9921.88,9.1,0.72,72.7,56.44367931914074,1,Random Strategy
77,SUPPLIER_FAILURE,MED,120.95,2063.18,20.7,0.29,73.9,49.432996010541295,0,Random Strategy
78,PORT_CLOSURE,LOW,313.08,12088.47,10.7,0.7,75.3,53.73490141730075,1,Random Strategy
79,PORT_CLOSURE,HIGH,257.59,12154.96,19.4,0.41,73.7,51.62593482945408,0,Random Strategy
80,MULTI_NODE_FAILURE,MED,1503.37,17441.53,11.6,0.59,73.3,58.53912199700056,1,Random Strategy
81,PORT_CLOSURE,LOW,238.13,8652.5,11.6,0.71,75.0,53.478161556459355,1,Random Strategy
82,FACTORY_SHUTDOWN,MED,261.16,11168.63,17.7,0.41,73.5,51.23079422652689,0,Random Strategy
83,PORT_CLOSURE,HIGH,164.69,6633.5,16.2,0.65,75.0,53.479959961655155,0,Random Strategy
84,PORT_CLOSURE,LOW,7856.74,31053.6,4.8,0.6,55.3,60.32957109125252,0,Random Strategy
85,FACTORY_SHUTDOWN,LOW,187.92,2315.67,15.3,0.59,71.8,45.29635740152233,0,Random Strategy
86,FACTORY_SHUTDOWN,MED,283.63,5627.31,24.7,0.41,68.8,39.90433222855187,0,Random Strategy
87,MULTI_NODE_FAILURE,MED,15660.09,67477.97,2.0,0.59,31.0,57.47618474696943,0,Random Strategy
88,SUPPLIER_FAILURE,LOW,1194.59,15672.24,12.0,0.41,70.1,53.35544233949925,1,Random Strategy
89,MULTI_NODE_FAILURE,MED,16322.27,68982.82,4.9,0.41,25.3,50.45740740740741,0,Random Strategy
90,FACTORY_SHUTDOWN,HIGH,9901.14,68907.7,3.2,0.7,63.4,66.37397912333375,0,Random Strategy
91,MULTI_NODE_FAILURE,LOW,28951.88,127036.33,4.7,0.41,24.6,49.233155080213905,0,Random Strategy
92,FACTORY_SHUTDOWN,LOW,296.62,9233.67,11.3,0.88,73.3,50.09844256632997,1,Random Strategy
93,MULTI_NODE_FAILURE,HIGH,273.18,4227.65,25.3,0.47,71.5,44.78399535127018,0,Random Strategy
94,TRANSPORT_DISRUPTION,LOW,234.31,5453.85,20.1,0.41,68.8,39.87267131309916,0,Random Strategy
95,FACTORY_SHUTDOWN,HIGH,157.07,4666.91,28.6,0.41,68.7,39.678867853236824,0,Random Strategy
96,FACTORY_SHUTDOWN,HIGH,7127.97,35559.8,3.2,0.38,61.5,72.74573287696995,0,Random Strategy
97,FACTORY_SHUTDOWN,HIGH,15622.37,67555.08,3.1,0.41,61.9,72.00823564594049,0,Random Strategy
98,TRANSPORT_DISRUPTION,HIGH,3100.28,31666.5,13.2,0.71,71.8,55.838865292105424,0,Random Strategy
99,MULTI_NODE_FAILURE,MED,194.19,6176.66,13.7,0.85,73.3,49.929287050214185,1,Random Strategy
0,SUPPLIER_FAILURE,LOW,10654.81,37764.97,2.8,0.42,61.9,70.60006721796111,0,Operational Resilience Only
1,PORT_CLOSURE,HIGH,10280.3,56123.37,3.1,0.15,65.0,77.24756800226943,0,Operational Resilience Only
2,MULTI_NODE_FAILURE,MED,7394.7,31863.34,2.9,0.89,56.2,61.69246371916217,0,Operational Resilience Only
3,PORT_CLOSURE,HIGH,4602.78,25638.07,3.2,0.77,62.6,65.18713945793893,0,Operational Resilience Only
4,MULTI_NODE_FAILURE,MED,9380.54,42324.39,2.9,0.88,56.1,62.00407073317176,0,Operational Resilience Only
5,SUPPLIER_FAILURE,LOW,5208.34,21938.61,2.8,0.65,59.5,66.20372814940735,0,Operational Resilience Only
6,PORT_CLOSURE,LOW,5208.34,22446.17,2.8,0.65,59.5,66.40528672280529,0,Operational Resilience Only
7,SUPPLIER_FAILURE,MED,10804.62,49158.44,2.9,0.59,64.1,67.64290880127226,0,Operational Resilience Only
8,FACTORY_SHUTDOWN,LOW,12651.97,61076.69,2.8,0.9,58.3,60.86946968503631,0,Operational Resilience Only
9,TRANSPORT_DISRUPTION,LOW,14146.07,45359.03,2.8,0.65,59.4,65.75609663385879,0,Operational Resilience Only
10,MULTI_NODE_FAILURE,LOW,9251.4,38410.78,2.8,0.42,61.7,70.55773552849116,0,Operational Resilience Only
11,PORT_CLOSURE,MED,16341.07,60289.51,3.1,0.71,58.0,65.66432254870772,0,Operational Resilience Only
12,TRANSPORT_DISRUPTION,MED,10804.62,51324.07,3.0,0.59,64.2,67.78727485952541,0,Operational Resilience Only
13,FACTORY_SHUTDOWN,MED,6324.2,28387.75,2.9,0.29,65.6,73.9517551087681,0,Operational Resilience Only
14,SUPPLIER_FAILURE,HIGH,15622.37,69982.8,3.2,0.41,62.0,72.09114618185284,0,Operational Resilience Only
15,PORT_CLOSURE,LOW,780.26,4113.68,2.7,0.57,60.8,69.91060835004197,1,Operational Resilience Only
16,MULTI_NODE_FAILURE,LOW,10654.81,37573.69,2.8,0.42,61.9,70.56516486922143,0,Operational Resilience Only
17,SUPPLIER_FAILURE,MED,10280.3,50150.88,3.0,0.15,64.7,76.53695971355558,0,Operational Resilience Only
18,MULTI_NODE_FAILURE,HIGH,4602.78,25133.56,3.2,0.77,62.5,65.05040824004146,0,Operational Resilience Only
19,TRANSPORT_DISRUPTION,LOW,12068.4,33371.24,2.7,0.81,56.5,62.65045557477404,0,Operational Resilience Only
20,MULTI_NODE_FAILURE,HIGH,5659.65,32248.97,3.2,0.47,64.9,70.91830910588057,0,Operational Resilience Only
21,MULTI_NODE_FAILURE,MED,9901.14,58452.85,2.9,0.7,63.0,65.69003001871566,0,Operational Resilience Only
22,TRANSPORT_DISRUPTION,LOW,7127.97,27779.18,2.8,0.38,61.0,71.52085667903366,0,Operational Resilience Only
23,PORT_CLOSURE,HIGH,5358.07,29361.38,3.2,0.51,61.4,70.2421662542198,0,Operational Resilience Only
24,TRANSPORT_DISRUPTION,HIGH,9216.65,49713.41,3.2,0.29,62.8,74.74373153598866,0,Operational Resilience Only
25,MULTI_NODE_FAILURE,LOW,6921.92,26466.32,2.8,0.89,57.7,61.306649927084756,0,Operational Resilience Only
26,MULTI_NODE_FAILURE,MED,9246.14,37710.64,3.0,0.78,57.3,64.39587255848127,0,Operational Resilience Only
27,FACTORY_SHUTDOWN,MED,14146.07,50223.23,2.9,0.65,59.6,66.49724025484404,0,Operational Resilience Only
28,FACTORY_SHUTDOWN,HIGH,780.26,5539.55,3.2,0.57,61.1,70.83537955650847,1,Operational Resilience Only
29,FACTORY_SHUTDOWN,HIGH,10804.62,58721.26,3.2,0.59,64.5,68.46549207111197,0,Operational Resilience Only
30,FACTORY_SHUTDOWN,LOW,5358.07,22474.54,2.8,0.51,60.8,68.83992213197916,0,Operational Resilience Only
31,MULTI_NODE_FAILURE,MED,5082.23,22996.56,3.0,0.72,60.4,65.51947664201776,0,Operational Resilience Only
32,FACTORY_SHUTDOWN,LOW,9251.4,36193.99,2.7,0.42,61.5,70.21572207884554,0,Operational Resilience Only
33,SUPPLIER_FAILURE,HIGH,7394.7,38312.13,3.2,0.89,56.6,62.561909686781746,0,Operational Resilience Only
34,MULTI_NODE_FAILURE,LOW,9757.77,32164.87,2.7,0.3,61.5,72.7431295036763,0,Operational Resilience Only
35,PORT_CLOSURE,MED,2949.37,15240.77,3.0,0.8,62.8,64.24342781680664,0,Operational Resilience Only
36,PORT_CLOSURE,HIGH,9901.14,68762.47,3.2,0.7,63.4,66.35461406556678,0,Operational Resilience Only
37,FACTORY_SHUTDOWN,MED,10885.09,47085.85,3.1,0.52,59.9,69.52470358017739,0,Operational Resilience Only
38,MULTI_NODE_FAILURE,MED,5683.83,24402.91,2.9,0.19,65.7,75.9351687133956,0,Operational Resilience Only
39,FACTORY_SHUTDOWN,LOW,5356.27,25243.15,2.8,0.21,62.7,74.81738827884125,0,Operational Resilience Only
40,PORT_CLOSURE,LOW,12153.82,45775.47,2.7,0.83,60.0,61.941450832652,0,Operational Resilience Only
41,SUPPLIER_FAILURE,LOW,10280.3,45207.67,2.8,0.15,64.4,76.05171806450456,0,Operational Resilience Only
42,PORT_CLOSURE,MED,7127.97,32092.45,3.0,0.38,61.3,72.35258369034008,0,Operational Resilience Only
43,PORT_CLOSURE,HIGH,5100.0,29919.94,3.2,0.29,65.0,74.87568339612668,0,Operational Resilience Only
44,TRANSPORT_DISRUPTION,LOW,11998.68,39428.57,2.8,0.15,63.2,76.02200962516117,0,Operational Resilience Only
45,SUPPLIER_FAILURE,LOW,9380.54,38302.66,2.8,0.88,55.8,61.3216709017112,0,Operational Resilience Only
46,TRANSPORT_DISRUPTION,MED,9901.14,61960.86,3.0,0.7,63.2,65.93640555698911,0,Operational Resilience Only
47,SUPPLIER_FAILURE,LOW,9246.14,31258.88,2.7,0.78,56.8,63.43226811286782,0,Operational Resilience Only
48,PORT_CLOSURE,LOW,10804.62,43269.72,2.7,0.59,63.7,66.88208492959566,0,Operational Resilience Only
49,TRANSPORT_DISRUPTION,LOW,7695.41,39195.56,2.7,0.11,68.9,76.59358379619292,0,Operational Resilience Only
50,TRANSPORT_DISRUPTION,HIGH,5356.27,32094.67,3.1,0.21,63.2,76.19731315937175,0,Operational Resilience Only
51,SUPPLIER_FAILURE,LOW,5082.23,19264.13,2.7,0.72,59.9,64.64341343935847,0,Operational Resilience Only
52,PORT_CLOSURE,MED,8068.4,32357.2,3.0,0.79,57.3,64.37524849577444,0,Operational Resilience Only
53,SUPPLIER_FAILURE,MED,9216.65,41099.77,2.9,0.29,62.4,73.87092185462458,0,Operational Resilience Only
54,TRANSPORT_DISRUPTION,HIGH,10239.78,57648.98,3.2,0.89,56.4,62.688681508444844,0,Operational Resilience Only
55,TRANSPORT_DISRUPTION,LOW,16341.07,47818.43,2.7,0.71,57.3,64.45370664994297,0,Operational Resilience Only
56,MULTI_NODE_FAILURE,HIGH,4209.66,21252.58,3.2,0.69,58.7,66.86661626090141,0,Operational Resilience Only
57,SUPPLIER_FAILURE,HIGH,4209.66,21157.0,3.2,0.69,58.7,66.82782281021575,0,Operational Resilience Only
58,SUPPLIER_FAILURE,HIGH,6324.2,32458.52,3.1,0.29,65.9,74.59287684477495,0,Operational Resilience Only
59,MULTI_NODE_FAILURE,LOW,5356.27,25440.99,2.8,0.21,62.7,74.88870992530963,0,Operational Resilience Only
60,SUPPLIER_FAILURE,HIGH,12068.4,44163.41,3.2,0.81,57.2,63.98958247197458,0,Operational Resilience Only
61,MULTI_NODE_FAILURE,LOW,13316.96,46926.79,2.7,0.21,63.7,74.695575878599,0,Operational Resilience Only
62,MULTI_NODE_FAILURE,MED,11998.68,46826.93,3.1,0.15,63.6,76.87701484472461,0,Operational Resilience Only
63,FACTORY_SHUTDOWN,LOW,16341.07,48157.12,2.7,0.71,57.4,64.5324335967524,0,Operational Resilience Only
64,FACTORY_SHUTDOWN,MED,16341.07,55800.32,2.9,0.71,57.8,65.4448280091205,0,Operational Resilience Only
65,TRANSPORT_DISRUPTION,HIGH,5082.23,27088.3,3.2,0.72,60.7,66.35800921821901,0,Operational Resilience Only
66,MULTI_NODE_FAILURE,LOW,5356.27,25055.51,2.8,0.21,62.6,74.74433907747695,0,Operational Resilience Only
67,SUPPLIER_FAILURE,LOW,7924.01,29341.65,2.7,0.59,59.3,67.22030756587365,0,Operational Resilience Only
68,MULTI_NODE_FAILURE,HIGH,5683.83,28651.88,3.2,0.19,66.1,76.58909895862621,0,Operational Resilience Only
69,MULTI_NODE_FAILURE,MED,5082.23,24197.1,3.0,0.72,60.5,65.93042126367617,0,Operational Resilience Only
70,FACTORY_SHUTDOWN,LOW,7695.41,41418.03,2.8,0.11,69.1,76.91296377262535,0,Operational Resilience Only
71,FACTORY_SHUTDOWN,MED,5358.07,26277.23,3.0,0.51,61.2,69.78702852347209,0,Operational Resilience Only
72,FACTORY_SHUTDOWN,HIGH,4602.78,25438.81,3.2,0.77,62.6,65.12907462348161,0,Operational Resilience Only
73,TRANSPORT_DISRUPTION,MED,7394.7,31912.15,2.9,0.89,56.2,61.722790698531185,0,Operational Resilience Only
74,PORT_CLOSURE,HIGH,6232.45,38302.28,3.2,0.43,61.7,72.00183731326307,0,Operational Resilience Only
75,TRANSPORT_DISRUPTION,HIGH,5659.65,33250.45,3.2,0.47,64.9,71.13508600657627,0,Operational Resilience Only
76,SUPPLIER_FAILURE,LOW,5082.23,20670.59,2.8,0.72,60.1,65.05251990579505,0,Operational Resilience Only
77,SUPPLIER_FAILURE,MED,5100.0,25789.69,3.0,0.29,64.7,74.16944403363962,0,Operational Resilience Only
78,PORT_CLOSURE,LOW,9901.14,50368.63,2.7,0.7,62.6,64.76028605291361,0,Operational Resilience Only
79,PORT_CLOSURE,HIGH,7924.01,38465.77,3.2,0.59,60.0,68.43268867273056,0,Operational Resilience Only
80,MULTI_NODE_FAILURE,MED,7924.01,36336.52,3.1,0.59,59.8,68.20544627684922,0,Operational Resilience Only
81,PORT_CLOSURE,LOW,7530.91,36052.07,2.8,0.71,59.6,64.9590116041354,0,Operational Resilience Only
82,FACTORY_SHUTDOWN,MED,6006.59,34729.66,3.0,0.13,69.4,77.45004025550801,0,Operational Resilience Only
83,PORT_CLOSURE,HIGH,5208.34,27639.59,3.1,0.65,60.0,67.48241692559994,0,Operational Resilience Only
84,PORT_CLOSURE,LOW,8068.4,27421.17,2.8,0.79,56.9,63.39891329865877,0,Operational Resilience Only
85,FACTORY_SHUTDOWN,LOW,7924.01,28945.91,2.7,0.59,59.2,67.06838531390066,0,Operational Resilience Only
86,FACTORY_SHUTDOWN,MED,12068.4,41219.38,3.0,0.81,57.0,63.84158335092707,0,Operational Resilience Only
87,MULTI_NODE_FAILURE,MED,7924.01,35144.78,3.0,0.59,59.8,68.11815022006338,0,Operational Resilience Only
88,SUPPLIER_FAILURE,LOW,5838.56,25894.4,2.8,0.35,62.8,72.26141762018503,0,Operational Resilience Only
89,MULTI_NODE_FAILURE,MED,6006.59,31715.35,2.9,0.13,69.2,76.89432024175382,0,Operational Resilience Only
90,FACTORY_SHUTDOWN,HIGH,9901.14,68907.7,3.2,0.7,63.4,66.37397912333375,0,Operational Resilience Only
91,MULTI_NODE_FAILURE,LOW,12651.97,59202.81,2.7,0.9,58.2,60.79983233782678,0,Operational Resilience Only
92,FACTORY_SHUTDOWN,LOW,9380.54,38473.61,2.8,0.88,55.9,61.357191311715766,0,Operational Resilience Only
93,MULTI_NODE_FAILURE,HIGH,11518.95,52845.67,3.2,0.47,60.6,70.99180279964618,0,Operational Resilience Only
94,TRANSPORT_DISRUPTION,LOW,9251.4,39248.28,2.8,0.42,61.8,70.76492920030995,0,Operational Resilience Only
95,FACTORY_SHUTDOWN,HIGH,6141.35,30305.84,3.2,0.85,58.4,63.63145017340194,0,Operational Resilience Only
96,FACTORY_SHUTDOWN,HIGH,7127.97,35559.8,3.2,0.38,61.5,72.74573287696995,0,Operational Resilience Only
97,FACTORY_SHUTDOWN,HIGH,15622.37,67555.08,3.1,0.41,61.9,72.00823564594049,0,Operational Resilience Only
98,TRANSPORT_DISRUPTION,HIGH,16341.07,65971.87,3.2,0.71,58.2,66.16266056072438,0,Operational Resilience Only
99,MULTI_NODE_FAILURE,MED,6141.35,25736.08,3.0,0.85,58.1,62.77782825181972,0,Operational Resilience Only
0,SUPPLIER_FAILURE,LOW,336.91,9063.59,11.4,0.42,77.9,59.192670220937316,1,Green Resilience WSM
1,PORT_CLOSURE,HIGH,325.07,13469.61,16.2,0.15,80.0,63.42359512634776,0,Green Resilience WSM
2,MULTI_NODE_FAILURE,MED,235.97,10411.92,15.7,0.41,73.3,50.94978222373716,0,Green Resilience WSM
3,PORT_CLOSURE,HIGH,145.54,6153.14,17.0,0.77,73.9,50.955197474411825,0,Green Resilience WSM
4,MULTI_NODE_FAILURE,MED,291.32,13173.64,16.2,0.41,73.5,51.15266293929842,0,Green Resilience WSM
5,SUPPLIER_FAILURE,LOW,164.69,5265.27,11.3,0.65,75.6,54.75761047013948,1,Green Resilience WSM
6,PORT_CLOSURE,LOW,164.69,5387.08,11.8,0.65,75.6,54.37567725944028,1,Green Resilience WSM
7,SUPPLIER_FAILURE,MED,341.65,11798.02,12.9,0.59,76.1,55.40328600123748,1,Green Resilience WSM
8,FACTORY_SHUTDOWN,LOW,463.23,18124.25,14.4,0.41,73.4,50.91452313978322,0,Green Resilience WSM
9,TRANSPORT_DISRUPTION,LOW,447.31,10886.17,11.1,0.65,75.6,54.603033013843394,1,Green Resilience WSM
10,MULTI_NODE_FAILURE,LOW,292.53,9218.59,11.3,0.42,77.9,59.298573465012005,1,Green Resilience WSM
11,PORT_CLOSURE,MED,516.71,14469.48,15.1,0.71,74.5,52.483310984272,0,Green Resilience WSM
12,TRANSPORT_DISRUPTION,MED,341.65,12317.78,13.8,0.59,76.0,55.11128992427905,1,Green Resilience WSM
13,FACTORY_SHUTDOWN,MED,199.97,6813.06,13.2,0.29,79.0,61.304546786642454,1,Green Resilience WSM
14,SUPPLIER_FAILURE,HIGH,493.99,16795.87,17.1,0.41,77.3,58.00937726352835,0,Green Resilience WSM
15,PORT_CLOSURE,LOW,24.67,987.28,10.9,0.57,76.9,56.992861864277245,1,Green Resilience WSM
16,MULTI_NODE_FAILURE,LOW,336.91,9017.69,11.3,0.42,77.9,59.300355894825266,1,Green Resilience WSM
17,SUPPLIER_FAILURE,MED,325.07,12036.21,13.7,0.15,80.3,63.87147936049011,1,Green Resilience WSM
18,MULTI_NODE_FAILURE,HIGH,145.54,6032.05,16.5,0.77,73.9,51.0949135608468,0,Green Resilience WSM
19,TRANSPORT_DISRUPTION,LOW,381.61,8009.1,10.6,0.81,74.1,51.68063008369954,1,Green Resilience WSM
20,MULTI_NODE_FAILURE,HIGH,178.96,7739.75,16.4,0.47,76.9,57.1411012658846,0,Green Resilience WSM
21,MULTI_NODE_FAILURE,MED,313.08,14028.68,13.6,0.7,74.9,52.95093567194673,1,Green Resilience WSM
22,TRANSPORT_DISRUPTION,LOW,225.39,6667.0,11.4,0.38,78.3,60.02166024653286,1,Green Resilience WSM
23,PORT_CLOSURE,HIGH,169.43,7046.73,16.7,0.51,76.4,56.243801622834354,0,Green Resilience WSM
24,TRANSPORT_DISRUPTION,HIGH,291.44,11931.22,17.7,0.29,78.5,60.337391671741145,0,Green Resilience WSM
25,MULTI_NODE_FAILURE,LOW,218.87,6351.92,11.3,0.89,73.3,49.93431227309728,1,Green Resilience WSM
26,MULTI_NODE_FAILURE,MED,292.37,9050.55,14.6,0.78,73.8,51.156387786017866,0,Green Resilience WSM
27,FACTORY_SHUTDOWN,MED,447.31,12053.57,13.1,0.65,75.3,54.01599068836245,1,Green Resilience WSM
28,FACTORY_SHUTDOWN,HIGH,24.67,1329.49,17.3,0.57,76.0,55.23086167045743,0,Green Resilience WSM
29,FACTORY_SHUTDOWN,HIGH,341.65,14093.1,16.8,0.59,75.7,54.62918629430725,0,Green Resilience WSM
30,FACTORY_SHUTDOWN,LOW,169.43,5393.89,11.1,0.51,77.1,57.47115174971349,1,Green Resilience WSM
31,MULTI_NODE_FAILURE,MED,160.7,5519.17,13.9,0.72,74.6,52.497415201817944,1,Green Resilience WSM
32,FACTORY_SHUTDOWN,LOW,292.53,8686.56,10.3,0.42,78.1,59.50687852629518,1,Green Resilience WSM
33,SUPPLIER_FAILURE,HIGH,235.97,12114.4,19.8,0.41,73.7,51.67675182604009,0,Green Resilience WSM
34,MULTI_NODE_FAILURE,LOW,308.55,7719.57,10.4,0.3,79.2,61.95912404676105,1,Green Resilience WSM
35,PORT_CLOSURE,MED,93.26,3657.78,14.0,0.8,74.0,51.00310773904003,1,Green Resilience WSM
36,PORT_CLOSURE,HIGH,313.08,16502.99,17.3,0.7,74.5,52.17947414346919,0,Green Resilience WSM
37,FACTORY_SHUTDOWN,MED,344.19,11300.6,15.2,0.52,76.4,56.099390359606275,0,Green Resilience WSM
38,MULTI_NODE_FAILURE,MED,179.73,5856.7,13.0,0.19,80.0,63.372803231034865,1,Green Resilience WSM
39,FACTORY_SHUTDOWN,LOW,169.37,6058.36,11.1,0.21,80.0,63.60792101747077,1,Green Resilience WSM
40,PORT_CLOSURE,LOW,384.31,10986.11,10.3,0.83,74.1,51.289055196343334,1,Green Resilience WSM
41,SUPPLIER_FAILURE,LOW,325.07,10849.84,11.6,0.15,80.5,64.51512614952819,1,Green Resilience WSM
42,PORT_CLOSURE,MED,225.39,7702.19,14.3,0.38,77.9,59.29695255916061,0,Green Resilience WSM
43,PORT_CLOSURE,HIGH,161.26,7180.79,17.6,0.29,78.6,60.33993976802632,0,Green Resilience WSM
44,TRANSPORT_DISRUPTION,LOW,379.4,9462.86,11.5,0.15,80.5,64.48304768170648,1,Green Resilience WSM
45,SUPPLIER_FAILURE,LOW,296.62,9192.64,11.3,0.88,73.3,49.94944786004686,1,Green Resilience WSM
46,TRANSPORT_DISRUPTION,MED,313.08,14870.61,14.8,0.7,74.7,52.68271222930186,0,Green Resilience WSM
47,SUPPLIER_FAILURE,LOW,292.37,7502.13,10.8,0.78,74.4,52.3677448763541,1,Green Resilience WSM
48,PORT_CLOSURE,LOW,341.65,10384.73,10.5,0.59,76.5,56.017767216664694,1,Green Resilience WSM
49,TRANSPORT_DISRUPTION,LOW,243.33,9406.93,10.6,0.11,81.3,65.66698340716917,1,Green Resilience WSM
50,TRANSPORT_DISRUPTION,HIGH,169.37,7702.72,16.2,0.21,79.4,62.151535277448744,0,Green Resilience WSM
51,SUPPLIER_FAILURE,LOW,160.7,4623.39,10.4,0.72,75.2,53.779211277608056,1,Green Resilience WSM
52,PORT_CLOSURE,MED,255.13,7765.73,14.9,0.79,73.7,50.96816320363743,0,Green Resilience WSM
53,SUPPLIER_FAILURE,MED,291.44,9863.94,13.3,0.29,78.9,61.31213397779314,1,Green Resilience WSM
54,TRANSPORT_DISRUPTION,HIGH,309.71,17219.33,20.6,0.41,74.0,51.985635073804936,0,Green Resilience WSM
55,TRANSPORT_DISRUPTION,LOW,516.71,11476.42,10.5,0.71,75.1,53.61095646215887,1,Green Resilience WSM
56,MULTI_NODE_FAILURE,HIGH,133.11,5100.62,16.9,0.69,74.6,52.649593125497596,0,Green Resilience WSM
57,SUPPLIER_FAILURE,HIGH,133.11,5077.68,16.8,0.69,74.6,52.61204931560701,0,Green Resilience WSM
58,SUPPLIER_FAILURE,HIGH,199.97,7790.04,16.1,0.29,78.7,60.73773817666633,0,Green Resilience WSM
59,MULTI_NODE_FAILURE,LOW,169.37,6105.84,11.3,0.21,80.0,63.38953651284318,1,Green Resilience WSM
60,SUPPLIER_FAILURE,HIGH,378.17,13659.14,19.4,0.41,73.8,51.70559517103683,0,Green Resilience WSM
61,MULTI_NODE_FAILURE,LOW,421.09,11262.43,10.9,0.21,80.1,63.468980645371886,1,Green Resilience WSM
62,MULTI_NODE_FAILURE,MED,379.4,11238.46,15.0,0.15,80.1,63.658484514185396,0,Green Resilience WSM
63,FACTORY_SHUTDOWN,LOW,516.71,11557.71,10.6,0.71,75.1,53.65230545522203,1,Green Resilience WSM
64,FACTORY_SHUTDOWN,MED,516.71,13392.08,13.5,0.71,74.6,52.71211474938337,1,Green Resilience WSM
65,TRANSPORT_DISRUPTION,HIGH,160.7,6501.19,17.7,0.72,74.3,51.78881977743083,0,Green Resilience WSM
66,MULTI_NODE_FAILURE,LOW,169.37,6013.32,11.0,0.21,80.0,63.56769532123736,1,Green Resilience WSM
67,SUPPLIER_FAILURE,LOW,250.56,7042.0,10.8,0.59,76.3,56.02048691317978,1,Green Resilience WSM
68,MULTI_NODE_FAILURE,HIGH,179.73,6876.45,16.5,0.19,79.7,62.6801975127659,0,Green Resilience WSM
69,MULTI_NODE_FAILURE,MED,160.7,5807.3,15.0,0.72,74.5,52.31930336298758,0,Green Resilience WSM
70,FACTORY_SHUTDOWN,LOW,243.33,9940.33,11.6,0.11,81.1,65.46711036661911,1,Green Resilience WSM
71,FACTORY_SHUTDOWN,MED,169.43,6306.54,14.2,0.51,76.6,56.67755661008502,0,Green Resilience WSM
72,FACTORY_SHUTDOWN,HIGH,145.54,6105.31,16.8,0.77,73.9,50.98835211949081,0,Green Resilience WSM
73,TRANSPORT_DISRUPTION,MED,235.97,10424.81,15.8,0.41,73.3,50.88796867796921,0,Green Resilience WSM
74,PORT_CLOSURE,HIGH,197.07,9192.55,17.6,0.43,77.1,57.62333267540994,0,Green Resilience WSM
75,TRANSPORT_DISRUPTION,HIGH,178.96,7980.11,17.2,0.47,76.8,56.89661769069912,0,Green Resilience WSM
76,SUPPLIER_FAILURE,LOW,160.7,4960.94,11.7,0.72,74.9,53.235770007829075,1,Green Resilience WSM
77,SUPPLIER_FAILURE,MED,161.26,6189.53,14.1,0.29,78.9,61.16481612919351,0,Green Resilience WSM
78,PORT_CLOSURE,LOW,313.08,12088.47,10.7,0.7,75.3,53.73490141730075,1,Green Resilience WSM
79,PORT_CLOSURE,HIGH,250.56,9231.79,16.4,0.59,75.6,54.614514994065686,0,Green Resilience WSM
80,MULTI_NODE_FAILURE,MED,250.56,8720.77,15.1,0.59,75.7,54.9171781411818,0,Green Resilience WSM
81,PORT_CLOSURE,LOW,238.13,8652.5,11.6,0.71,75.0,53.478161556459355,1,Green Resilience WSM
82,FACTORY_SHUTDOWN,MED,189.93,8335.12,14.7,0.13,80.5,64.08139677938873,0,Green Resilience WSM
83,PORT_CLOSURE,HIGH,164.69,6633.5,16.2,0.65,75.0,53.479959961655155,0,Green Resilience WSM
84,PORT_CLOSURE,LOW,255.13,6581.08,11.5,0.79,74.2,51.86430524882126,1,Green Resilience WSM
85,FACTORY_SHUTDOWN,LOW,250.56,6947.02,10.5,0.59,76.3,56.21037892816025,1,Green Resilience WSM
86,FACTORY_SHUTDOWN,MED,378.17,12881.92,17.8,0.41,73.6,51.42808844172355,0,Green Resilience WSM
87,MULTI_NODE_FAILURE,MED,250.56,8434.75,14.4,0.59,75.8,54.880354950825684,0,Green Resilience WSM
88,SUPPLIER_FAILURE,LOW,184.62,6214.66,11.6,0.35,78.6,60.565451679869696,1,Green Resilience WSM
89,MULTI_NODE_FAILURE,MED,189.93,7611.68,12.8,0.13,80.7,64.46012007906596,1,Green Resilience WSM
90,FACTORY_SHUTDOWN,HIGH,313.08,16537.85,17.3,0.7,74.5,52.28624581098175,0,Green Resilience WSM
91,MULTI_NODE_FAILURE,LOW,463.23,17629.54,13.8,0.41,73.3,50.73833696706234,1,Green Resilience WSM
92,FACTORY_SHUTDOWN,LOW,296.62,9233.67,11.3,0.88,73.3,50.09844256632997,1,Green Resilience WSM
93,MULTI_NODE_FAILURE,HIGH,364.24,12682.96,17.2,0.47,76.7,56.862230763022644,0,Green Resilience WSM
94,TRANSPORT_DISRUPTION,LOW,292.53,9419.59,11.7,0.42,77.8,59.16674619769066,1,Green Resilience WSM
95,FACTORY_SHUTDOWN,HIGH,209.42,10000.74,20.4,0.41,73.6,51.590281822305315,0,Green Resilience WSM
96,FACTORY_SHUTDOWN,HIGH,225.39,8534.35,16.7,0.38,77.6,58.71570394138696,0,Green Resilience WSM
97,FACTORY_SHUTDOWN,HIGH,493.99,16213.22,16.2,0.41,77.4,58.21415549361579,0,Green Resilience WSM
98,TRANSPORT_DISRUPTION,HIGH,516.71,15833.25,17.2,0.71,74.3,52.157460815066806,0,Green Resilience WSM
99,MULTI_NODE_FAILURE,MED,194.19,6176.66,13.7,0.85,73.3,49.929287050214185,1,Green Resilience WSM
0,SUPPLIER_FAILURE,LOW,2021.47,18127.18,8.8,0.42,75.5,62.499626156160346,0,Pareto Optimization
1,PORT_CLOSURE,HIGH,1950.41,26939.22,12.4,0.15,77.8,67.16062308851643,1,Pareto Optimization
2,MULTI_NODE_FAILURE,MED,1402.95,15294.4,9.8,0.89,70.4,52.89342100760862,1,Pareto Optimization
3,PORT_CLOSURE,HIGH,873.25,12306.27,13.0,0.77,72.3,54.810400291883745,1,Pareto Optimization
4,MULTI_NODE_FAILURE,MED,1779.71,20315.71,10.2,0.88,70.4,52.86107410900891,1,Pareto Optimization
5,SUPPLIER_FAILURE,LOW,988.14,10530.53,8.7,0.65,73.2,58.156252788071896,1,Pareto Optimization
6,PORT_CLOSURE,LOW,988.14,10774.16,9.1,0.65,73.2,57.8210062601741,1,Pareto Optimization
7,SUPPLIER_FAILURE,MED,2049.89,23596.05,9.9,0.59,74.3,58.90793903055602,0,Pareto Optimization
8,FACTORY_SHUTDOWN,LOW,2400.37,29316.81,8.8,0.9,70.9,52.83693756037394,0,Pareto Optimization
9,TRANSPORT_DISRUPTION,LOW,2683.84,21772.33,8.6,0.65,73.1,57.80816333606372,0,Pareto Optimization
10,MULTI_NODE_FAILURE,LOW,1755.21,18437.17,8.8,0.42,75.4,62.38176592372447,1,Pareto Optimization
11,PORT_CLOSURE,MED,3100.28,28938.97,11.6,0.71,72.0,56.07138155368452,0,Pareto Optimization
12,TRANSPORT_DISRUPTION,MED,2049.89,24635.55,10.6,0.59,74.2,58.66051360051978,0,Pareto Optimization
13,FACTORY_SHUTDOWN,MED,1199.85,13626.12,10.1,0.29,77.0,64.95617877507864,1,Pareto Optimization
14,SUPPLIER_FAILURE,HIGH,2963.93,33591.74,13.0,0.41,75.0,61.94117445588231,0,Pareto Optimization
15,PORT_CLOSURE,LOW,148.03,1974.57,8.5,0.57,74.7,60.57088084511375,1,Pareto Optimization
16,MULTI_NODE_FAILURE,LOW,2021.47,18035.37,8.7,0.42,75.5,62.64174111818942,0,Pareto Optimization
17,SUPPLIER_FAILURE,MED,1950.41,24072.42,10.5,0.15,77.9,67.48208915576284,1,Pareto Optimization
18,MULTI_NODE_FAILURE,HIGH,873.25,12064.11,12.6,0.77,72.3,54.95245903791355,1,Pareto Optimization
19,TRANSPORT_DISRUPTION,LOW,2289.66,16018.19,8.2,0.81,71.4,54.88735126299025,0,Pareto Optimization
20,MULTI_NODE_FAILURE,HIGH,1073.77,15479.5,12.6,0.47,75.2,60.81455547294566,1,Pareto Optimization
21,MULTI_NODE_FAILURE,MED,1878.48,28057.37,10.4,0.7,73.1,56.58309165997218,1,Pareto Optimization
22,TRANSPORT_DISRUPTION,LOW,1352.34,13334.01,8.8,0.38,75.6,63.35760126253801,1,Pareto Optimization
23,PORT_CLOSURE,HIGH,1016.55,14093.46,12.8,0.51,74.2,60.00644382537885,1,Pareto Optimization
24,TRANSPORT_DISRUPTION,HIGH,1748.61,23862.44,13.5,0.29,76.1,64.23340403313748,1,Pareto Optimization
25,MULTI_NODE_FAILURE,LOW,1313.25,12703.83,8.7,0.89,70.9,53.309655368848354,1,Pareto Optimization
26,MULTI_NODE_FAILURE,MED,1754.21,18101.11,11.2,0.78,71.3,54.798017799224986,1,Pareto Optimization
27,FACTORY_SHUTDOWN,MED,2683.84,24107.15,10.0,0.65,73.0,57.68356231119085,0,Pareto Optimization
28,FACTORY_SHUTDOWN,HIGH,148.03,2658.98,13.2,0.57,74.0,59.537779678943025,1,Pareto Optimization
29,FACTORY_SHUTDOWN,HIGH,2049.89,28186.2,12.9,0.59,74.0,58.28858841595264,0,Pareto Optimization
30,FACTORY_SHUTDOWN,LOW,1016.55,10787.78,8.5,0.51,74.6,61.0061778449767,1,Pareto Optimization
31,MULTI_NODE_FAILURE,MED,964.22,11038.35,10.7,0.72,72.5,56.09010344107299,1,Pareto Optimization
32,FACTORY_SHUTDOWN,LOW,1755.21,17373.11,7.9,0.42,75.6,62.88862121228232,1,Pareto Optimization
33,SUPPLIER_FAILURE,HIGH,1402.95,18389.82,12.9,0.89,70.2,52.261082138950734,1,Pareto Optimization
34,MULTI_NODE_FAILURE,LOW,1851.28,15439.14,8.0,0.3,76.5,65.27736411562155,1,Pareto Optimization
35,PORT_CLOSURE,MED,559.56,7315.57,10.7,0.8,72.4,54.8147173414975,1,Pareto Optimization
36,PORT_CLOSURE,HIGH,1878.48,33005.99,13.2,0.7,72.9,56.03500258728772,1,Pareto Optimization
37,FACTORY_SHUTDOWN,MED,2065.16,22601.21,11.6,0.52,73.9,59.90036506354141,0,Pareto Optimization
38,MULTI_NODE_FAILURE,MED,1078.36,11713.4,10.0,0.19,77.9,66.90924282570609,1,Pareto Optimization
39,FACTORY_SHUTDOWN,LOW,1016.21,12116.71,8.6,0.21,77.4,66.83251412523602,1,Pareto Optimization
40,PORT_CLOSURE,LOW,2305.86,21972.22,8.0,0.83,71.9,54.37364111894368,0,Pareto Optimization
41,SUPPLIER_FAILURE,LOW,1950.41,21699.68,8.9,0.15,78.1,67.95990054026237,1,Pareto Optimization
42,PORT_CLOSURE,MED,1352.34,15404.38,11.0,0.38,75.4,62.86057178498788,1,Pareto Optimization
43,PORT_CLOSURE,HIGH,967.59,14361.57,13.4,0.29,76.6,64.32710636014272,1,Pareto Optimization
44,TRANSPORT_DISRUPTION,LOW,2276.43,18925.71,8.9,0.15,77.9,67.75290091197647,0,Pareto Optimization
45,SUPPLIER_FAILURE,LOW,1779.71,18385.28,8.7,0.88,70.6,53.323637988134955,1,Pareto Optimization
46,TRANSPORT_DISRUPTION,MED,1878.48,29741.21,11.4,0.7,73.1,56.20753197975481,1,Pareto Optimization
47,SUPPLIER_FAILURE,LOW,1754.21,15004.26,8.4,0.78,71.7,55.441872731431616,1,Pareto Optimization
48,PORT_CLOSURE,LOW,2049.89,20769.47,8.1,0.59,74.5,59.27509166040483,0,Pareto Optimization
49,TRANSPORT_DISRUPTION,LOW,1460.0,18813.87,8.2,0.11,79.4,68.86005023233183,1,Pareto Optimization
50,TRANSPORT_DISRUPTION,HIGH,1016.21,15405.44,12.4,0.21,77.0,65.95625407549673,1,Pareto Optimization
51,SUPPLIER_FAILURE,LOW,964.22,9246.78,8.1,0.72,72.9,56.84853244532599,1,Pareto Optimization
52,PORT_CLOSURE,MED,1530.76,15531.46,11.4,0.79,71.2,54.6841175719335,1,Pareto Optimization
53,SUPPLIER_FAILURE,MED,1748.61,19727.89,10.2,0.29,76.4,64.86870902175545,1,Pareto Optimization
54,TRANSPORT_DISRUPTION,HIGH,1942.72,27671.51,13.4,0.89,70.0,52.30861566392616,1,Pareto Optimization
55,TRANSPORT_DISRUPTION,LOW,3100.28,22952.84,8.1,0.71,72.4,56.86147336387817,0,Pareto Optimization
56,MULTI_NODE_FAILURE,HIGH,798.67,10201.24,12.9,0.69,72.2,56.55438338361167,1,Pareto Optimization
57,SUPPLIER_FAILURE,HIGH,798.67,10155.36,12.8,0.69,72.2,56.56922498500464,1,Pareto Optimization
58,SUPPLIER_FAILURE,HIGH,1199.85,15580.09,12.4,0.29,76.8,64.35412378656665,1,Pareto Optimization
59,MULTI_NODE_FAILURE,LOW,1016.21,12211.68,8.7,0.21,77.4,66.80381529372761,1,Pareto Optimization
60,SUPPLIER_FAILURE,HIGH,2289.66,21198.44,12.6,0.81,70.9,53.87771444607714,0,Pareto Optimization
61,MULTI_NODE_FAILURE,LOW,2526.54,22524.86,8.4,0.21,77.6,66.77625916308419,0,Pareto Optimization
62,MULTI_NODE_FAILURE,MED,2276.43,22476.92,11.5,0.15,77.6,67.31696902837079,0,Pareto Optimization
63,FACTORY_SHUTDOWN,LOW,3100.28,23115.42,8.2,0.71,72.3,56.83069786696579,0,Pareto Optimization
64,FACTORY_SHUTDOWN,MED,3100.28,26784.15,10.3,0.71,72.1,56.40837297105281,0,Pareto Optimization
65,TRANSPORT_DISRUPTION,HIGH,964.22,13002.38,13.5,0.72,72.3,55.736260244516835,1,Pareto Optimization
66,MULTI_NODE_FAILURE,LOW,1016.21,12026.64,8.5,0.21,77.4,66.86170643194839,1,Pareto Optimization
67,SUPPLIER_FAILURE,LOW,1503.37,14083.99,8.3,0.59,73.7,59.40247584229259,1,Pareto Optimization
68,MULTI_NODE_FAILURE,HIGH,1078.36,13752.9,12.6,0.19,77.7,66.52303238816918,1,Pareto Optimization
69,MULTI_NODE_FAILURE,MED,964.22,11614.61,11.5,0.72,72.4,56.03860107671191,1,Pareto Optimization
70,FACTORY_SHUTDOWN,LOW,1460.0,19880.66,9.0,0.11,79.3,68.63422073323821,1,Pareto Optimization
71,FACTORY_SHUTDOWN,MED,1016.55,12613.07,10.9,0.51,74.3,60.319824320139325,1,Pareto Optimization
72,FACTORY_SHUTDOWN,HIGH,873.25,12210.63,12.9,0.77,72.3,54.74131979420071,1,Pareto Optimization
73,TRANSPORT_DISRUPTION,MED,1402.95,15317.83,9.8,0.89,70.4,52.99766851046641,1,Pareto Optimization
74,PORT_CLOSURE,HIGH,1182.44,18385.1,13.5,0.43,74.8,61.389917945975604,1,Pareto Optimization
75,TRANSPORT_DISRUPTION,HIGH,1073.77,15960.22,13.1,0.47,75.1,60.82574421532049,1,Pareto Optimization
76,SUPPLIER_FAILURE,LOW,964.22,9921.88,9.1,0.72,72.7,56.44367931914074,1,Pareto Optimization
77,SUPPLIER_FAILURE,MED,967.59,12379.05,10.8,0.29,76.8,64.83849833064018,1,Pareto Optimization
78,PORT_CLOSURE,LOW,1878.48,24176.94,8.3,0.7,73.4,56.875208240006906,1,Pareto Optimization
79,PORT_CLOSURE,HIGH,1503.37,18463.57,12.6,0.59,73.2,58.29840628590739,1,Pareto Optimization
80,MULTI_NODE_FAILURE,MED,1503.37,17441.53,11.6,0.59,73.3,58.53912199700056,1,Pareto Optimization
81,PORT_CLOSURE,LOW,1428.79,17304.99,9.0,0.71,72.7,56.65632695208478,1,Pareto Optimization
82,FACTORY_SHUTDOWN,MED,1139.59,16670.24,11.3,0.13,78.9,67.70156906898154,1,Pareto Optimization
83,PORT_CLOSURE,HIGH,988.14,13267.0,12.4,0.65,72.8,57.2733527591312,1,Pareto Optimization
84,PORT_CLOSURE,LOW,1530.76,13162.16,8.9,0.79,71.5,55.13467110370313,1,Pareto Optimization
85,FACTORY_SHUTDOWN,LOW,1503.37,13894.03,8.2,0.59,73.7,59.19344020376551,1,Pareto Optimization
86,FACTORY_SHUTDOWN,MED,2289.66,19785.3,11.4,0.81,71.0,54.05801749709316,0,Pareto Optimization
87,MULTI_NODE_FAILURE,MED,1503.37,16869.49,11.0,0.59,73.4,58.64404717066159,1,Pareto Optimization
88,SUPPLIER_FAILURE,LOW,1107.71,12429.31,9.0,0.35,76.2,63.809300611573164,1,Pareto Optimization
89,MULTI_NODE_FAILURE,MED,1139.59,15223.37,9.8,0.13,79.0,68.09430988329709,1,Pareto Optimization
90,FACTORY_SHUTDOWN,HIGH,1878.48,33075.69,13.2,0.7,72.9,56.116353304528964,1,Pareto Optimization
91,MULTI_NODE_FAILURE,LOW,2400.37,28417.35,8.4,0.9,70.9,52.82926683235625,0,Pareto Optimization
92,FACTORY_SHUTDOWN,LOW,1779.71,18467.33,8.8,0.88,70.6,53.18150412060799,1,Pareto Optimization
93,MULTI_NODE_FAILURE,HIGH,2185.41,25365.92,13.1,0.47,74.3,60.756970359967546,0,Pareto Optimization
94,TRANSPORT_DISRUPTION,LOW,1755.21,18839.17,9.1,0.42,75.4,62.305635232750376,1,Pareto Optimization
95,FACTORY_SHUTDOWN,HIGH,1165.16,14546.8,13.3,0.85,70.8,53.13666397121415,1,Pareto Optimization
96,FACTORY_SHUTDOWN,HIGH,1352.34,17068.7,12.8,0.38,75.2,62.48595333731938,1,Pareto Optimization
97,FACTORY_SHUTDOWN,HIGH,2963.93,32426.44,12.4,0.41,75.1,61.94174382305248,0,Pareto Optimization
98,TRANSPORT_DISRUPTION,HIGH,3100.28,31666.5,13.2,0.71,71.8,55.838865292105424,0,Pareto Optimization
99,MULTI_NODE_FAILURE,MED,1165.16,12353.32,10.5,0.85,71.0,53.597704535210966,1,Pareto Optimization
